url,date,country,reason_for_exclusion
https://japan.kantei.go.jp/100_kishida/statement/202110/_00002.html,"October 4, 2021",japan,NOT_HISTORY_RELATED
https://japan.kantei.go.jp/100_kishida/statement/202110/_00008.html,"October 8, 2021",japan,NOT_HISTORY_RELATED
https://japan.kantei.go.jp/100_kishida/statement/202110/_00009.html,"October 9, 2021",japan,NOT_HISTORY_RELATED
https://japan.kantei.go.jp/100_kishida/statement/202110/_00011.html,"October 14, 2021",japan,NOT_HISTORY_RELATED
https://japan.kantei.go.jp/100_kishida/statement/202110/_00014.html,"October 19, 2021",japan,NOT_HISTORY_RELATED
https://japan.kantei.go.jp/100_kishida/statement/202110/_00017.html,"October 27, 2021",japan,NOT_HISTORY_RELATED
https://japan.kantei.go.jp/100_kishida/statement/index.html,"November 4, 2021",japan,NOT_HISTORY_RELATED
https://japan.kantei.go.jp/98_abe/statement/201712/index.html,"December 25, 2017",japan,NOT_HISTORY_RELATED
https://japan.kantei.go.jp/98_abe/statement/201812/index.html,"December 1, 2018",japan,NOT_HISTORY_RELATED
https://japan.kantei.go.jp/98_abe/statement/201912/index.html,,japan,NOT_HISTORY_RELATED
https://japan.kantei.go.jp/98_abe/statement/202009/index.html,"September 11, 2020",japan,NOT_HISTORY_RELATED
https://japan.kantei.go.jp/99_suga/statement/202012/index.html,"December 31, 2020",japan,NOT_HISTORY_RELATED
https://japan.kantei.go.jp/99_suga/statement/202110/index.html,"October 4, 2021",japan,NOT_HISTORY_RELATED
https://japan.kantei.go.jp/index.html,"September 4, 2026",japan,OUTSIDE_DATE_RANGE
https://japan.kantei.go.jp/info/index.html,,japan,NOT_HISTORY_RELATED
https://japan.kantei.go.jp/tag/,,japan,NOT_HISTORY_RELATED
https://japan.kantei.go.jp/tag/0092.html,"October 8, 2021",japan,NOT_HISTORY_RELATED
https://japan.kantei.go.jp/100_kishida/statement/202111/_00004.html,"November 4, 2021",japan,NOT_HISTORY_RELATED
https://japan.kantei.go.jp/tag/0031.html,"July 5, 2024",japan,NOT_HISTORY_RELATED
https://japan.kantei.go.jp/101_kishida/statement/202111/_00002.html,"November 10, 2021",japan,NOT_HISTORY_RELATED
https://japan.kantei.go.jp/101_kishida/statement/202111/_00005.html,"November 29, 2021",japan,NOT_HISTORY_RELATED
https://japan.kantei.go.jp/101_kishida/statement/202112/index.html,"December 22, 2021",japan,NOT_HISTORY_RELATED
https://japan.kantei.go.jp/101_kishida/statement/202212/index.html,"December 19, 2022",japan,NOT_HISTORY_RELATED
https://japan.kantei.go.jp/101_kishida/statement/202409/index.html,"September 28, 2024",japan,NOT_HISTORY_RELATED
https://japan.kantei.go.jp/103/statement/202412/index.html,"December 30, 2024",japan,NOT_HISTORY_RELATED
https://japan.kantei.go.jp/103/statement/202510/index.html,"October 21, 2025",japan,NOT_HISTORY_RELATED
https://japan.kantei.go.jp/101_kishida/statement/202112/_00001.html,"December 2, 2021",japan,NOT_HISTORY_RELATED
https://japan.kantei.go.jp/101_kishida/statement/202112/_00003.html,"December 3, 2021",japan,NOT_HISTORY_RELATED
https://japan.kantei.go.jp/101_kishida/statement/202201/_00007.html,"January 17, 2022",japan,NOT_HISTORY_RELATED
https://japan.kantei.go.jp/101_kishida/statement/202201/_00011.html,"January 28, 2022",japan,NOT_HISTORY_RELATED
https://japan.kantei.go.jp/tag/0002.html,"June 24, 2023",japan,NOT_HISTORY_RELATED
https://japan.kantei.go.jp/tag/0003.html,"March 16, 2022",japan,NOT_HISTORY_RELATED
https://japan.kantei.go.jp/tag/0005.html,"January 27, 2023",japan,NOT_HISTORY_RELATED
https://japan.kantei.go.jp/tag/0095.html,"September 23, 2024",japan,NOT_HISTORY_RELATED
https://japan.kantei.go.jp/101_kishida/statement/202202/_00004.html,"February 16, 2022",japan,NOT_HISTORY_RELATED
https://japan.kantei.go.jp/101_kishida/statement/202202/_00006.html,"February 17, 2022",japan,NOT_HISTORY_RELATED
https://japan.kantei.go.jp/101_kishida/statement/202202/_00007.html,"February 18, 2022",japan,NOT_HISTORY_RELATED
https://japan.kantei.go.jp/101_kishida/statement/202202/_00010.html,"February 24, 2022",japan,NOT_HISTORY_RELATED
https://japan.kantei.go.jp/101_kishida/statement/202202/_00013.html,"February 25, 2022",japan,NOT_HISTORY_RELATED
https://japan.kantei.go.jp/tag/0027.html,"September 28, 2024",japan,NOT_HISTORY_RELATED
https://japan.kantei.go.jp/tag/0048.html,"February 17, 2022",japan,NOT_HISTORY_RELATED
https://japan.kantei.go.jp/101_kishida/statement/202203/_00015.html,"March 17, 2022",japan,NOT_HISTORY_RELATED
https://japan.kantei.go.jp/101_kishida/statement/202203/_00017.html,"March 12, 2022",japan,NOT_HISTORY_RELATED
https://japan.kantei.go.jp/tag/0021.html,"June 21, 2024",japan,NOT_HISTORY_RELATED
https://japan.kantei.go.jp/tag/0093.html,"March 22, 2022",japan,NOT_HISTORY_RELATED
https://japan.kantei.go.jp/101_kishida/statement/202204/_00006.html,"April 8, 2022",japan,NOT_HISTORY_RELATED
https://japan.kantei.go.jp/101_kishida/statement/202204/_00007.html,"April 9, 2022",japan,NOT_HISTORY_RELATED
https://japan.kantei.go.jp/101_kishida/statement/202204/_00009.html,"April 18, 2022",japan,NOT_HISTORY_RELATED
https://japan.kantei.go.jp/101_kishida/statement/202204/_00010.html,"April 26, 2022",japan,NOT_HISTORY_RELATED
https://japan.kantei.go.jp/101_kishida/statement/202205/_00008.html,"May 14, 2022",japan,NOT_HISTORY_RELATED
https://japan.kantei.go.jp/101_kishida/statement/202206/_00001.html,"June 1, 2022",japan,NOT_HISTORY_RELATED
https://japan.kantei.go.jp/101_kishida/statement/202206/_00004.html,"June 10, 2022",japan,NOT_HISTORY_RELATED
https://japan.kantei.go.jp/101_kishida/statement/202206/_00012.html,"June 28, 2022",japan,NOT_HISTORY_RELATED
https://japan.kantei.go.jp/101_kishida/statement/202207/_00006.html,"July 9, 2022",japan,NOT_HISTORY_RELATED
https://japan.kantei.go.jp/101_kishida/statement/202207/_00007.html,"July 14, 2022",japan,NOT_HISTORY_RELATED
https://japan.kantei.go.jp/101_kishida/statement/202208/_00012.html,"August 26, 2022",japan,NOT_HISTORY_RELATED
https://japan.kantei.go.jp/101_kishida/statement/202208/_00013.html,"August 26, 2022",japan,NOT_HISTORY_RELATED
https://japan.kantei.go.jp/101_kishida/statement/202208/_00020.html,"August 27, 2022",japan,NOT_HISTORY_RELATED
https://japan.kantei.go.jp/101_kishida/statement/202208/_00029.html,"August 28, 2022",japan,NOT_HISTORY_RELATED
https://japan.kantei.go.jp/tag/0004.html,"August 31, 2022",japan,NOT_HISTORY_RELATED
https://japan.kantei.go.jp/tag/0037.html,"August 26, 2023",japan,NOT_HISTORY_RELATED
https://japan.kantei.go.jp/tag/0013.html,"September 4, 2024",japan,NOT_HISTORY_RELATED
https://japan.kantei.go.jp/tag/0038.html,"September 28, 2024",japan,NOT_HISTORY_RELATED
https://japan.kantei.go.jp/tag/0051.html,"September 23, 2024",japan,NOT_HISTORY_RELATED
https://japan.kantei.go.jp/101_kishida/statement/202210/_00001.html,"October 4, 2022",japan,NOT_HISTORY_RELATED
https://japan.kantei.go.jp/101_kishida/statement/202210/_00005.html,"October 17, 2022",japan,NOT_HISTORY_RELATED
https://japan.kantei.go.jp/101_kishida/statement/202210/_00006.html,"October 19, 2022",japan,NOT_HISTORY_RELATED
https://japan.kantei.go.jp/101_kishida/statement/202210/_00021.html,"October 30, 2022",japan,NOT_HISTORY_RELATED
https://japan.kantei.go.jp/101_kishida/statement/202210/_00022.html,"October 31, 2022",japan,NOT_HISTORY_RELATED
https://japan.kantei.go.jp/101_kishida/statement/202210/_00024.html,"October 31, 2022",japan,NOT_HISTORY_RELATED
https://japan.kantei.go.jp/tag/0011.html,"July 12, 2024",japan,NOT_HISTORY_RELATED
https://japan.kantei.go.jp/tag/0018.html,"September 3, 2024",japan,NOT_HISTORY_RELATED
https://japan.kantei.go.jp/tag/0026.html,"October 31, 2024",japan,NOT_HISTORY_RELATED
https://japan.kantei.go.jp/tag/0043.html,"September 21, 2024",japan,NOT_HISTORY_RELATED
https://japan.kantei.go.jp/101_kishida/statement/202211/_00001.html,"November 3, 2022",japan,NOT_HISTORY_RELATED
https://japan.kantei.go.jp/101_kishida/statement/202211/_00002.html,"November 3, 2022",japan,NOT_HISTORY_RELATED
https://japan.kantei.go.jp/101_kishida/statement/202211/_00012.html,"November 30, 2022",japan,NOT_HISTORY_RELATED
https://japan.kantei.go.jp/101_kishida/statement/202211/_00013.html,"November 30, 2022",japan,NOT_HISTORY_RELATED
https://japan.kantei.go.jp/tag/0028.html,"August 2, 2024",japan,NOT_HISTORY_RELATED
https://japan.kantei.go.jp/tag/0034.html,"March 7, 2024",japan,NOT_HISTORY_RELATED
https://japan.kantei.go.jp/tag/0035.html,"September 23, 2024",japan,NOT_HISTORY_RELATED
https://japan.kantei.go.jp/tag/0042.html,"September 6, 2024",japan,NOT_HISTORY_RELATED
https://japan.kantei.go.jp/tag/0047.html,"September 21, 2024",japan,NOT_HISTORY_RELATED
https://japan.kantei.go.jp/tag/0065.html,"September 3, 2024",japan,NOT_HISTORY_RELATED
https://japan.kantei.go.jp/tag/0070.html,"August 18, 2024",japan,NOT_HISTORY_RELATED
https://japan.kantei.go.jp/tag/0024.html,"August 28, 2024",japan,NOT_HISTORY_RELATED
https://japan.kantei.go.jp/tag/0098.html,"October 1, 2024",japan,NOT_HISTORY_RELATED
https://japan.kantei.go.jp/101_kishida/statement/202301/_00007.html,"January 19, 2023",japan,NOT_HISTORY_RELATED
https://japan.kantei.go.jp/101_kishida/statement/202301/_00011.html,"January 26, 2023",japan,NOT_HISTORY_RELATED
https://japan.kantei.go.jp/tag/0039.html,"February 5, 2024",japan,NOT_HISTORY_RELATED
https://japan.kantei.go.jp/tag/0041.html,"July 11, 2024",japan,NOT_HISTORY_RELATED
https://japan.kantei.go.jp/tag/0046.html,"May 2, 2024",japan,NOT_HISTORY_RELATED
https://japan.kantei.go.jp/tag/0052.html,"September 22, 2024",japan,NOT_HISTORY_RELATED
https://japan.kantei.go.jp/101_kishida/statement/202302/_00001.html,"February 6, 2023",japan,NOT_HISTORY_RELATED
https://japan.kantei.go.jp/101_kishida/statement/202302/_00002.html,"February 17, 2023",japan,NOT_HISTORY_RELATED
https://japan.kantei.go.jp/101_kishida/statement/202302/_00003.html,"February 18, 2023",japan,NOT_HISTORY_RELATED
https://japan.kantei.go.jp/101_kishida/statement/202302/_00006.html,"February 20, 2023",japan,NOT_HISTORY_RELATED
https://japan.kantei.go.jp/tag/0072.html,"December 1, 2023",japan,NOT_HISTORY_RELATED
https://japan.kantei.go.jp/tag/0091.html,"August 24, 2024",japan,NOT_HISTORY_RELATED
https://japan.kantei.go.jp/101_kishida/statement/202303/_00001.html,"March 6, 2023",japan,NOT_HISTORY_RELATED
https://japan.kantei.go.jp/101_kishida/statement/202303/_00002.html,"March 6, 2023",japan,NOT_HISTORY_RELATED
https://japan.kantei.go.jp/101_kishida/statement/202303/_00012.html,"March 19, 2023",japan,NOT_HISTORY_RELATED
https://japan.kantei.go.jp/101_kishida/statement/202303/_00014.html,"March 21, 2023",japan,NOT_HISTORY_RELATED
https://japan.kantei.go.jp/tag/0040.html,"September 21, 2024",japan,NOT_HISTORY_RELATED
https://japan.kantei.go.jp/tag/0090.html,"August 24, 2024",japan,NOT_HISTORY_RELATED
https://japan.kantei.go.jp/101_kishida/statement/202304/_00003.html,"April 19, 2023",japan,NOT_HISTORY_RELATED
https://japan.kantei.go.jp/101_kishida/statement/202305/25africaday.html,"May 25, 2023",japan,NOT_HISTORY_RELATED
https://japan.kantei.go.jp/101_kishida/statement/202306/03message.html,"June 3, 2023",japan,NOT_HISTORY_RELATED
https://japan.kantei.go.jp/101_kishida/statement/202306/09danwa.html,"June 9, 2023",japan,NOT_HISTORY_RELATED
https://japan.kantei.go.jp/101_kishida/statement/202306/13message.html,"June 12, 2023",japan,NOT_HISTORY_RELATED
https://japan.kantei.go.jp/101_kishida/statement/202306/14message.html,"June 14, 2023",japan,NOT_HISTORY_RELATED
https://japan.kantei.go.jp/101_kishida/statement/202306/15message.html,"June 15, 2023",japan,NOT_HISTORY_RELATED
https://japan.kantei.go.jp/101_kishida/statement/202307/04message.html,"July 4, 2023",japan,NOT_HISTORY_RELATED
https://japan.kantei.go.jp/101_kishida/statement/202307/11kaiken.html,"July 11, 2023",japan,NOT_HISTORY_RELATED
https://japan.kantei.go.jp/101_kishida/statement/202307/15message.html,"July 15, 2023",japan,NOT_HISTORY_RELATED
https://japan.kantei.go.jp/tag/0032.html,"September 23, 2024",japan,NOT_HISTORY_RELATED
https://japan.kantei.go.jp/tag/0122.html,"May 21, 2024",japan,NOT_HISTORY_RELATED
https://japan.kantei.go.jp/101_kishida/statement/202308/25message.html,"August 25, 2023",japan,NOT_HISTORY_RELATED
https://japan.kantei.go.jp/101_kishida/statement/202308/30message.html,"August 30, 2023",japan,NOT_HISTORY_RELATED
https://japan.kantei.go.jp/101_kishida/statement/202309/04message.html,"September 4, 2023",japan,NOT_HISTORY_RELATED
https://japan.kantei.go.jp/101_kishida/statement/202309/0905kaiken.html,"September 5, 2023",japan,NOT_HISTORY_RELATED
https://japan.kantei.go.jp/101_kishida/statement/202309/09message.html,"September 9, 2023",japan,NOT_HISTORY_RELATED
https://japan.kantei.go.jp/101_kishida/statement/202309/12message.html,"September 12, 2023",japan,NOT_HISTORY_RELATED
https://japan.kantei.go.jp/101_kishida/statement/202309/19kaiken.html,"September 19, 2023",japan,NOT_HISTORY_RELATED
https://japan.kantei.go.jp/101_kishida/statement/202309/21g7health.html,"September 21, 2023",japan,NOT_HISTORY_RELATED
https://japan.kantei.go.jp/101_kishida/statement/202309/21uhc.html,"September 21, 2023",japan,NOT_HISTORY_RELATED
https://japan.kantei.go.jp/101_kishida/statement/202309/22message_sideevent.html,"September 22, 2023",japan,NOT_HISTORY_RELATED
https://japan.kantei.go.jp/101_kishida/statement/202309/23letter.html,"September 23, 2023",japan,NOT_HISTORY_RELATED
https://japan.kantei.go.jp/101_kishida/statement/202310/18message.html,"October 18, 2023",japan,NOT_HISTORY_RELATED
https://japan.kantei.go.jp/101_kishida/statement/202311/1115kaiken.html,"November 15, 2023",japan,NOT_HISTORY_RELATED
https://japan.kantei.go.jp/101_kishida/statement/202311/22message.html,"November 22, 2023",japan,NOT_HISTORY_RELATED
https://japan.kantei.go.jp/101_kishida/statement/202311/27message.html,"November 27, 2023",japan,NOT_HISTORY_RELATED
https://japan.kantei.go.jp/tag/0044.html,"May 26, 2024",japan,NOT_HISTORY_RELATED
https://japan.kantei.go.jp/101_kishida/statement/202312/06message.html,"December 6, 2023",japan,NOT_HISTORY_RELATED
https://japan.kantei.go.jp/101_kishida/statement/202312/12message_geac.html,"December 12, 2023",japan,NOT_HISTORY_RELATED
https://japan.kantei.go.jp/101_kishida/statement/202312/16contribution.html,"December 16, 2023",japan,NOT_HISTORY_RELATED
https://japan.kantei.go.jp/101_kishida/statement/202312/16message_kuwait.html,"December 16, 2023",japan,NOT_HISTORY_RELATED
https://japan.kantei.go.jp/101_kishida/statement/202312/1message.html,"December 1, 2023",japan,NOT_HISTORY_RELATED
https://japan.kantei.go.jp/101_kishida/statement/202312/20message.html,"December 20, 2023",japan,NOT_HISTORY_RELATED
https://japan.kantei.go.jp/101_kishida/statement/202401/05kaiken2.html,"January 5, 2024",japan,NOT_HISTORY_RELATED
https://japan.kantei.go.jp/101_kishida/statement/202401/16message_pr.html,"January 16, 2024",japan,NOT_HISTORY_RELATED
https://japan.kantei.go.jp/101_kishida/statement/202402/05message.html,"February 5, 2024",japan,NOT_HISTORY_RELATED
https://japan.kantei.go.jp/101_kishida/statement/202402/07message.html,"February 7, 2024",japan,NOT_HISTORY_RELATED
https://japan.kantei.go.jp/101_kishida/statement/202402/08shukuji.html,"February 8, 2024",japan,NOT_HISTORY_RELATED
https://japan.kantei.go.jp/101_kishida/statement/202402/13message.html,"February 13, 2024",japan,NOT_HISTORY_RELATED
https://japan.kantei.go.jp/101_kishida/statement/202402/16message.html,"February 16, 2024",japan,NOT_HISTORY_RELATED
https://japan.kantei.go.jp/101_kishida/statement/202403/11message_japan_vietnam.html,"March 11, 2024",japan,NOT_HISTORY_RELATED
https://japan.kantei.go.jp/101_kishida/statement/202403/21message.html,"March 21, 2024",japan,NOT_HISTORY_RELATED
https://japan.kantei.go.jp/101_kishida/statement/202404/02message.html,"April 2, 2024",japan,NOT_HISTORY_RELATED
https://japan.kantei.go.jp/101_kishida/statement/202404/08bura.html,"April 8, 2024",japan,NOT_HISTORY_RELATED
https://japan.kantei.go.jp/101_kishida/statement/202404/12kaiken.html,"April 12, 2024",japan,NOT_HISTORY_RELATED
https://japan.kantei.go.jp/101_kishida/statement/202404/22message.html,"April 22, 2024",japan,NOT_HISTORY_RELATED
https://japan.kantei.go.jp/101_kishida/statement/202404/22message2.html,"April 22, 2024",japan,NOT_HISTORY_RELATED
https://japan.kantei.go.jp/tag/0094.html,"September 23, 2024",japan,NOT_HISTORY_RELATED
https://japan.kantei.go.jp/tag/0143.html,"April 11, 2024",japan,NOT_HISTORY_RELATED
https://japan.kantei.go.jp/101_kishida/statement/202405/02ifcma.html,"May 2, 2024",japan,NOT_HISTORY_RELATED
https://japan.kantei.go.jp/101_kishida/statement/202405/02searp.html,"May 2, 2024",japan,NOT_HISTORY_RELATED
https://japan.kantei.go.jp/101_kishida/statement/202405/03paraguayforum.html,"May 3, 2024",japan,NOT_HISTORY_RELATED
https://japan.kantei.go.jp/101_kishida/statement/202405/08message.html,"May 8, 2024",japan,NOT_HISTORY_RELATED
https://japan.kantei.go.jp/101_kishida/statement/202405/15message.html,"May 15, 2024",japan,NOT_HISTORY_RELATED
https://japan.kantei.go.jp/101_kishida/statement/202405/20message.html,"May 20, 2024",japan,NOT_HISTORY_RELATED
https://japan.kantei.go.jp/101_kishida/statement/202405/20statement.html,"May 20, 2024",japan,NOT_HISTORY_RELATED
https://japan.kantei.go.jp/101_kishida/statement/202405/23message.html,"May 23, 2024",japan,NOT_HISTORY_RELATED
https://japan.kantei.go.jp/101_kishida/statement/202405/27message.html,"May 27, 2024",japan,NOT_HISTORY_RELATED
https://japan.kantei.go.jp/101_kishida/statement/202405/27message2.html,"May 27, 2024",japan,NOT_HISTORY_RELATED
https://japan.kantei.go.jp/tag/0105.html,"May 3, 2024",japan,NOT_HISTORY_RELATED
https://japan.kantei.go.jp/tag/0144.html,"May 3, 2024",japan,NOT_HISTORY_RELATED
https://japan.kantei.go.jp/tag/0145.html,"May 27, 2024",japan,NOT_HISTORY_RELATED
https://japan.kantei.go.jp/101_kishida/statement/202406/03message.html,"June 3, 2024",japan,NOT_HISTORY_RELATED
https://japan.kantei.go.jp/101_kishida/statement/202406/04statement.html,"June 4, 2024",japan,NOT_HISTORY_RELATED
https://japan.kantei.go.jp/101_kishida/statement/202406/12kaiken.html,"June 12, 2024",japan,NOT_HISTORY_RELATED
https://japan.kantei.go.jp/101_kishida/statement/202406/12message2.html,"June 12, 2024",japan,NOT_HISTORY_RELATED
https://japan.kantei.go.jp/101_kishida/statement/202406/27message.html,"June 27, 2024",japan,NOT_HISTORY_RELATED
https://japan.kantei.go.jp/101_kishida/statement/202407/06message.html,"July 6, 2024",japan,NOT_HISTORY_RELATED
https://japan.kantei.go.jp/101_kishida/statement/202407/10kaiken.html,"July 10, 2024",japan,NOT_HISTORY_RELATED
https://japan.kantei.go.jp/101_kishida/statement/202407/18message.html,"July 18, 2024",japan,NOT_HISTORY_RELATED
https://japan.kantei.go.jp/101_kishida/statement/202407/20message.html,"July 20, 2024",japan,NOT_HISTORY_RELATED
https://japan.kantei.go.jp/101_kishida/statement/202407/26sisatsu.html,"July 26, 2024",japan,NOT_HISTORY_RELATED
https://japan.kantei.go.jp/101_kishida/statement/202407/5message.html,"July 5, 2024",japan,NOT_HISTORY_RELATED
https://japan.kantei.go.jp/tag/0045.html,"July 12, 2024",japan,NOT_HISTORY_RELATED
https://japan.kantei.go.jp/101_kishida/statement/202408/05message.html,"August 5, 2024",japan,NOT_HISTORY_RELATED
https://japan.kantei.go.jp/101_kishida/statement/202408/08kaiken.html,"August 8, 2024",japan,NOT_HISTORY_RELATED
https://japan.kantei.go.jp/101_kishida/statement/202408/13message.html,"August 13, 2024",japan,NOT_HISTORY_RELATED
https://japan.kantei.go.jp/101_kishida/statement/202408/19message.html,"August 19, 2024",japan,NOT_HISTORY_RELATED
https://japan.kantei.go.jp/101_kishida/statement/202408/22message.html,"August 22, 2024",japan,NOT_HISTORY_RELATED
https://japan.kantei.go.jp/101_kishida/statement/202409/11message.html,"September 11, 2024",japan,NOT_HISTORY_RELATED
https://japan.kantei.go.jp/101_kishida/statement/202409/17message.html,"September 17, 2024",japan,NOT_HISTORY_RELATED
https://japan.kantei.go.jp/101_kishida/statement/202409/19message.html,"September 19, 2024",japan,NOT_HISTORY_RELATED
https://japan.kantei.go.jp/101_kishida/statement/202409/21quad_cancer.html,"September 21, 2024",japan,NOT_HISTORY_RELATED
https://japan.kantei.go.jp/101_kishida/statement/202409/25message.html,"September 25, 2024",japan,NOT_HISTORY_RELATED
https://japan.kantei.go.jp/101_kishida/statement/202409/25srilanka_message.html,"September 25, 2024",japan,NOT_HISTORY_RELATED
https://japan.kantei.go.jp/tag/0036.html,"September 21, 2024",japan,NOT_HISTORY_RELATED
https://japan.kantei.go.jp/102_ishiba/statement/202410/1009kaiken2.html,"October 9, 2024",japan,NOT_HISTORY_RELATED
https://japan.kantei.go.jp/102_ishiba/statement/202410/1017kaiken.html,"October 17, 2024",japan,NOT_HISTORY_RELATED
https://japan.kantei.go.jp/102_ishiba/statement/202410/1029message.html,"October 29, 2024",japan,NOT_HISTORY_RELATED
https://japan.kantei.go.jp/104/statement/202512/index.html,"December 30, 2025",japan,NOT_HISTORY_RELATED
https://japan.kantei.go.jp/104/statement/202602/index.html,"February 17, 2026",japan,OUTSIDE_DATE_RANGE
https://japan.kantei.go.jp/102_ishiba/statement/202411/06message.html,"November 6, 2024",japan,NOT_HISTORY_RELATED
https://japan.kantei.go.jp/103/statement/202411/12message.html,"November 12, 2024",japan,NOT_HISTORY_RELATED
https://japan.kantei.go.jp/103/statement/202411/15message.html,"November 15, 2024",japan,NOT_HISTORY_RELATED
https://japan.kantei.go.jp/103/statement/index.html,"November 27, 2025",japan,NOT_HISTORY_RELATED
https://japan.kantei.go.jp/103/statement/202412/04kaiken.html,"December 4, 2024",japan,NOT_HISTORY_RELATED
https://japan.kantei.go.jp/103/statement/202412/18message.html,"December 18, 2024",japan,NOT_HISTORY_RELATED
https://japan.kantei.go.jp/103/statement/202412/29message.html,"December 29, 2024",japan,NOT_HISTORY_RELATED
https://japan.kantei.go.jp/103/statement/202501/06message.html,"January 6, 2025",japan,NOT_HISTORY_RELATED
https://japan.kantei.go.jp/103/statement/202501/19message.html,"January 19, 2025",japan,NOT_HISTORY_RELATED
https://japan.kantei.go.jp/103/statement/202501/21message.html,"January 21, 2025",japan,NOT_HISTORY_RELATED
https://japan.kantei.go.jp/103/statement/202501/22message.html,"January 22, 2025",japan,NOT_HISTORY_RELATED
https://japan.kantei.go.jp/103/statement/202501/24kaiken.html,"January 24, 2025",japan,NOT_HISTORY_RELATED
https://japan.kantei.go.jp/103/statement/202502/02message.html,"February 2, 2025",japan,NOT_HISTORY_RELATED
https://japan.kantei.go.jp/103/statement/202502/04message.html,"February 4, 2025",japan,NOT_HISTORY_RELATED
https://japan.kantei.go.jp/103/statement/202502/14message.html,"February 14, 2025",japan,NOT_HISTORY_RELATED
https://japan.kantei.go.jp/103/statement/202502/25kaiken02.html,"February 25, 2025",japan,NOT_HISTORY_RELATED
https://japan.kantei.go.jp/103/statement/202503/0329message.html,"March 29, 2025",japan,NOT_HISTORY_RELATED
https://japan.kantei.go.jp/103/statement/202503/03message.html,"March 3, 2025",japan,NOT_HISTORY_RELATED
https://japan.kantei.go.jp/103/statement/202504/04kaiken.html,"April 4, 2025",japan,NOT_HISTORY_RELATED
https://japan.kantei.go.jp/103/statement/202504/21message.html,"April 21, 2025",japan,NOT_HISTORY_RELATED
https://japan.kantei.go.jp/103/statement/202504/21message2.html,"April 21, 2025",japan,NOT_HISTORY_RELATED
https://japan.kantei.go.jp/103/statement/202504/23message.html,"April 23, 2025",japan,NOT_HISTORY_RELATED
https://japan.kantei.go.jp/103/statement/202504/27kaiken.html,"April 27, 2025",japan,NOT_HISTORY_RELATED
https://japan.kantei.go.jp/103/statement/202505/07message.html,"May 7, 2025",japan,NOT_HISTORY_RELATED
https://japan.kantei.go.jp/103/statement/202505/08message.html,"May 8, 2025",japan,NOT_HISTORY_RELATED
https://japan.kantei.go.jp/103/statement/202505/17message.html,"May 17, 2025",japan,NOT_HISTORY_RELATED
https://japan.kantei.go.jp/103/statement/202506/0622bura.html,"June 22, 2025",japan,NOT_HISTORY_RELATED
https://japan.kantei.go.jp/103/statement/202506/0622bura2.html,"June 22, 2025",japan,NOT_HISTORY_RELATED
https://japan.kantei.go.jp/103/statement/202506/13message.html,"June 13, 2025",japan,NOT_HISTORY_RELATED
https://japan.kantei.go.jp/103/statement/202506/13message3.html,"June 13, 2025",japan,NOT_HISTORY_RELATED
https://japan.kantei.go.jp/103/statement/202506/20statement.html,"June 20, 2025",japan,NOT_HISTORY_RELATED
https://japan.kantei.go.jp/103/statement/202507/03kaiken.html,"July 3, 2025",japan,NOT_HISTORY_RELATED
https://japan.kantei.go.jp/103/statement/202507/06message.html,"July 6, 2025",japan,NOT_HISTORY_RELATED
https://japan.kantei.go.jp/103/statement/202507/18message.html,"July 18, 2025",japan,NOT_HISTORY_RELATED
https://japan.kantei.go.jp/103/statement/202507/23bura.html,"July 23, 2025",japan,NOT_HISTORY_RELATED
https://japan.kantei.go.jp/103/statement/202508/23kaiken.html,"August 23, 2025",japan,NOT_HISTORY_RELATED
https://japan.kantei.go.jp/103/statement/202508/30kaiken.html,"August 30, 2025",japan,NOT_HISTORY_RELATED
https://japan.kantei.go.jp/103/statement/202509/04message.html,"September 4, 2025",japan,NOT_HISTORY_RELATED
https://japan.kantei.go.jp/103/statement/202509/05bura.html,"September 5, 2025",japan,NOT_HISTORY_RELATED
https://japan.kantei.go.jp/103/statement/202509/06message.html,"September 6, 2025",japan,NOT_HISTORY_RELATED
https://japan.kantei.go.jp/103/statement/202509/12message.html,"September 12, 2025",japan,NOT_HISTORY_RELATED
https://japan.kantei.go.jp/103/statement/202509/30kaiken.html,"September 30, 2025",japan,NOT_HISTORY_RELATED
https://japan.kantei.go.jp/103/statement/202510/13kaiken.html,"October 13, 2025",japan,NOT_HISTORY_RELATED
https://japan.kantei.go.jp/103/statement/202510/17danwa.html,"October 17, 2025",japan,NOT_HISTORY_RELATED
https://japan.kantei.go.jp/104/statement/202510/21danwa.html,"October 21, 2025",japan,NOT_HISTORY_RELATED
https://japan.kantei.go.jp/104/statement/202510/25kaiken_00007.html,"October 25, 2025",japan,NOT_HISTORY_RELATED
https://japan.kantei.go.jp/104/statement/index.html,"February 17, 2026",japan,OUTSIDE_DATE_RANGE
https://japan.kantei.go.jp/104/statement/202511/07kaiken.html,"November 7, 2025",japan,NOT_HISTORY_RELATED
https://japan.kantei.go.jp/104/statement/202511/11message.html,"November 11, 2025",japan,NOT_HISTORY_RELATED
https://japan.kantei.go.jp/104/statement/202512/07kaiken.html,"December 7, 2025",japan,NOT_HISTORY_RELATED
https://japan.kantei.go.jp/104/statement/202512/08message.html,"December 8, 2025",japan,NOT_HISTORY_RELATED
https://japan.kantei.go.jp/104/statement/202512/09kaiken2.html,"December 9, 2025",japan,NOT_HISTORY_RELATED
https://japan.kantei.go.jp/104/statement/202512/15message.html,"December 15, 2025",japan,NOT_HISTORY_RELATED
https://japan.kantei.go.jp/104/statement/202512/22message.html,"December 22, 2025",japan,NOT_HISTORY_RELATED
https://japan.kantei.go.jp/104/statement/202512/30message.html,"December 30, 2025",japan,NOT_HISTORY_RELATED
https://japan.kantei.go.jp/101_kishida/meibo/index_e.html,"August 10, 2022",japan,NOT_HISTORY_RELATED
https://japan.kantei.go.jp/96_abe/statement/index_e.html,"December 3, 2014",japan,NOT_HISTORY_RELATED
https://japan.kantei.go.jp/97_abe/statement/index_e.html,"October 5, 2017",japan,NOT_HISTORY_RELATED
https://japan.kantei.go.jp/98_abe/statement/201711/index.html,"November 25, 2017",japan,NOT_HISTORY_RELATED
https://japan.kantei.go.jp/98_abe/statement/201802/index.html,"February 11, 2018",japan,NOT_HISTORY_RELATED
https://japan.kantei.go.jp/98_abe/statement/201803/index.html,"March 11, 2018",japan,NOT_HISTORY_RELATED
https://japan.kantei.go.jp/98_abe/statement/201805/index.html,"May 25, 2018",japan,NOT_HISTORY_RELATED
https://japan.kantei.go.jp/98_abe/statement/201806/index.html,"June 30, 2018",japan,NOT_HISTORY_RELATED
https://japan.kantei.go.jp/98_abe/statement/201807/index.html,"July 17, 2018",japan,NOT_HISTORY_RELATED
https://japan.kantei.go.jp/98_abe/statement/201809/index.html,"September 26, 2018",japan,NOT_HISTORY_RELATED
https://japan.kantei.go.jp/98_abe/statement/201810/index.html,"October 14, 2018",japan,NOT_HISTORY_RELATED
https://japan.kantei.go.jp/98_abe/statement/201811/index.html,"November 25, 2018",japan,NOT_HISTORY_RELATED
https://japan.kantei.go.jp/98_abe/statement/201903/index.html,"March 23, 2019",japan,NOT_HISTORY_RELATED
https://japan.kantei.go.jp/98_abe/statement/201904/index.html,"April 30, 2019",japan,NOT_HISTORY_RELATED
https://japan.kantei.go.jp/98_abe/statement/201906/index.html,"June 29, 2019",japan,NOT_HISTORY_RELATED
https://japan.kantei.go.jp/98_abe/statement/201909/index.html,"September 27, 2019",japan,NOT_HISTORY_RELATED
https://japan.kantei.go.jp/98_abe/statement/201910/index.html,"October 9, 2019",japan,NOT_HISTORY_RELATED
https://japan.kantei.go.jp/98_abe/statement/202002/index.html,"February 29, 2020",japan,NOT_HISTORY_RELATED
https://japan.kantei.go.jp/98_abe/statement/202003/index.html,"March 28, 2020",japan,NOT_HISTORY_RELATED
https://japan.kantei.go.jp/98_abe/statement/202004/index.html,"April 17, 2020",japan,NOT_HISTORY_RELATED
https://japan.kantei.go.jp/98_abe/statement/202005/index.html,"May 25, 2020",japan,NOT_HISTORY_RELATED
https://japan.kantei.go.jp/98_abe/statement/202006/index.html,"June 23, 2020",japan,NOT_HISTORY_RELATED
https://japan.kantei.go.jp/98_abe/statement/202007/index.html,"July 17, 2020",japan,NOT_HISTORY_RELATED
https://japan.kantei.go.jp/link/index.html,,japan,NOT_HISTORY_RELATED
https://japan.kantei.go.jp/policy/index.html,,japan,NOT_HISTORY_RELATED
https://www.kantei.go.jp/cn/index.html,,japan,NOT_HISTORY_RELATED
https://www.kantei.go.jp/index.html,,japan,NOT_HISTORY_RELATED
https://www.youtube.com/user/pmojapan,,japan,NOT_HISTORY_RELATED
https://japan.kantei.go.jp/99_suga/statement/202009/index.html,"September 26, 2020",japan,NOT_HISTORY_RELATED
https://japan.kantei.go.jp/99_suga/statement/202011/index.html,"November 26, 2020",japan,NOT_HISTORY_RELATED
https://japan.kantei.go.jp/99_suga/statement/202103/index.html,"March 31, 2021",japan,NOT_HISTORY_RELATED
https://japan.kantei.go.jp/99_suga/statement/202104/index.html,"April 30, 2021",japan,NOT_HISTORY_RELATED
https://japan.kantei.go.jp/99_suga/statement/202105/index.html,"May 29, 2021",japan,NOT_HISTORY_RELATED
https://japan.kantei.go.jp/99_suga/statement/202106/index.html,"June 28, 2021",japan,NOT_HISTORY_RELATED
https://japan.kantei.go.jp/99_suga/statement/202109/index.html,"September 28, 2021",japan,NOT_HISTORY_RELATED
https://japan.kantei.go.jp/99_suga/statement/index.html,"October 4, 2021",japan,NOT_HISTORY_RELATED
https://japan.kantei.go.jp/99_suga/statement/202011/_00001.html,"November 2, 2020",japan,NOT_HISTORY_RELATED
https://japan.kantei.go.jp/99_suga/statement/202011/_00010.html,"November 26, 2020",japan,NOT_HISTORY_RELATED
https://japan.kantei.go.jp/99_suga/statement/202011/_1201.html,"December 1, 2020",japan,NOT_HISTORY_RELATED
https://japan.kantei.go.jp/99_suga/statement/202012/_00004.html,"December 17, 2020",japan,NOT_HISTORY_RELATED
https://japan.kantei.go.jp/99_suga/statement/202101/_00003.html,"January 8, 2021",japan,NOT_HISTORY_RELATED
https://japan.kantei.go.jp/99_suga/statement/202101/_00008.html,"January 17, 2021",japan,NOT_HISTORY_RELATED
https://japan.kantei.go.jp/99_suga/statement/202101/_00009.html,"January 18, 2021",japan,NOT_HISTORY_RELATED
https://japan.kantei.go.jp/99_suga/statement/202101/_00011.html,"January 21, 2021",japan,NOT_HISTORY_RELATED
https://japan.kantei.go.jp/99_suga/statement/202101/_00012.html,"January 21, 2021",japan,NOT_HISTORY_RELATED
https://japan.kantei.go.jp/99_suga/statement/202102/_00005.html,"February 12, 2021",japan,NOT_HISTORY_RELATED
https://japan.kantei.go.jp/99_suga/statement/202102/_00006.html,"February 14, 2021",japan,NOT_HISTORY_RELATED
https://japan.kantei.go.jp/99_suga/statement/202102/_00008.html,"February 18, 2021",japan,NOT_HISTORY_RELATED
https://japan.kantei.go.jp/99_suga/statement/202102/_00011.html,"February 18, 2021",japan,NOT_HISTORY_RELATED
https://japan.kantei.go.jp/99_suga/statement/202103/_00001.html,"March 1, 2021",japan,NOT_HISTORY_RELATED
https://japan.kantei.go.jp/99_suga/statement/202103/_00003.html,"March 2, 2021",japan,NOT_HISTORY_RELATED
https://japan.kantei.go.jp/99_suga/statement/202103/_00016.html,"March 26, 2021",japan,NOT_HISTORY_RELATED
https://japan.kantei.go.jp/99_suga/statement/202104/_00004.html,"April 8, 2021",japan,NOT_HISTORY_RELATED
https://japan.kantei.go.jp/99_suga/statement/202104/_00011.html,"April 19, 2021",japan,NOT_HISTORY_RELATED
https://japan.kantei.go.jp/99_suga/statement/202104/_00013.html,"April 21, 2021",japan,NOT_HISTORY_RELATED
https://japan.kantei.go.jp/99_suga/statement/202104/_00017.html,"April 26, 2021",japan,NOT_HISTORY_RELATED
https://japan.kantei.go.jp/99_suga/statement/202105/_00002.html,"May 6, 2021",japan,NOT_HISTORY_RELATED
https://japan.kantei.go.jp/99_suga/statement/202105/_00007.html,"May 20, 2021",japan,NOT_HISTORY_RELATED
https://japan.kantei.go.jp/99_suga/statement/202105/_00008.html,"May 21, 2021",japan,NOT_HISTORY_RELATED
https://japan.kantei.go.jp/99_suga/statement/202105/_00009.html,"May 24, 2021",japan,NOT_HISTORY_RELATED
https://japan.kantei.go.jp/99_suga/statement/202105/_00011.html,"May 27, 2021",japan,NOT_HISTORY_RELATED
https://japan.kantei.go.jp/99_suga/statement/202105/_00013.html,"May 29, 2021",japan,NOT_HISTORY_RELATED
https://japan.kantei.go.jp/99_suga/statement/202106/_00005.html,"June 10, 2021",japan,NOT_HISTORY_RELATED
https://japan.kantei.go.jp/99_suga/statement/202106/_00006.html,"June 13, 2021",japan,NOT_HISTORY_RELATED
https://japan.kantei.go.jp/99_suga/statement/202106/_00007.html,"June 16, 2021",japan,NOT_HISTORY_RELATED
https://japan.kantei.go.jp/99_suga/statement/202106/_00009.html,"June 21, 2021",japan,NOT_HISTORY_RELATED
https://japan.kantei.go.jp/99_suga/statement/202107/_00001.html,"July 1, 2021",japan,NOT_HISTORY_RELATED
https://japan.kantei.go.jp/99_suga/statement/202107/_00004.html,"July 7, 2021",japan,NOT_HISTORY_RELATED
https://japan.kantei.go.jp/99_suga/statement/202107/_00006.html,"July 9, 2021",japan,NOT_HISTORY_RELATED
https://japan.kantei.go.jp/99_suga/statement/202107/_00009.html,"July 15, 2021",japan,NOT_HISTORY_RELATED
https://japan.kantei.go.jp/99_suga/statement/202107/_00010.html,"July 20, 2021",japan,NOT_HISTORY_RELATED
https://japan.kantei.go.jp/99_suga/statement/202107/_00011.html,"July 19, 2021",japan,NOT_HISTORY_RELATED
https://japan.kantei.go.jp/99_suga/statement/202107/_00013.html,"July 26, 2021",japan,NOT_HISTORY_RELATED
https://japan.kantei.go.jp/99_suga/statement/202107/_00016.html,"July 29, 2021",japan,NOT_HISTORY_RELATED
https://japan.kantei.go.jp/99_suga/statement/202108/_00001.html,"August 4, 2021",japan,NOT_HISTORY_RELATED
https://japan.kantei.go.jp/99_suga/statement/202108/_00002.html,"August 5, 2021",japan,NOT_HISTORY_RELATED
https://japan.kantei.go.jp/99_suga/statement/202108/_00012.html,"August 25, 2021",japan,NOT_HISTORY_RELATED
https://japan.kantei.go.jp/99_suga/statement/202109/_00003.html,"September 1, 2021",japan,NOT_HISTORY_RELATED
https://japan.kantei.go.jp/99_suga/statement/202109/_00007.html,"September 15, 2021",japan,NOT_HISTORY_RELATED
https://japan.kantei.go.jp/99_suga/statement/202109/_00010.html,"September 23, 2021",japan,NOT_HISTORY_RELATED
https://japan.kantei.go.jp/99_suga/statement/202109/_00013.html,"September 27, 2021",japan,NOT_HISTORY_RELATED
https://japan.kantei.go.jp/99_suga/statement/202109/_00014.html,"September 28, 2021",japan,NOT_HISTORY_RELATED
https://japan.kantei.go.jp/99_suga/statement/202110/_00002.html,"October 1, 2021",japan,NOT_HISTORY_RELATED
https://www.mfa.gov.cn/eng/xwfw_665399/s2510_665401/2511_665403/202103/t20210325_9170713.html,,china,NOT_HISTORY_RELATED
