record_id,country,date,year,speaker_name,speaker_position,speaker_level,institution,document_type,document_title,question_text,response_text,relevant_excerpt,issue_primary,issue_secondary,kingdon_problem,kingdon_policy,kingdon_politics,kingdon_confidence,apology,explanation,remorse,reflection,remedy,pardon_or_forgiveness,responsibility_actor,agency_explicit,audience_orientation,source_language,official_translation,source_url,retrieval_date,archive_url,collection_method,coder_notes,classification_confidence,duplicate_group_id,canonical_record,attribution_direction,remedy_victim_directed
8161959d-8b7b-4cd1-b4be-7171aa80c02d,japan,1995-08-15,1995,MURAYAMA Tomiichi,Prime Minister of Japan,HEAD,Ministry of Foreign Affairs of Japan,STATEMENT,"Statement by Prime Minister Tomiichi Murayama ""On the occasion of the 50th anniversary of the war's end"" (15 August 1995)",,"Statement by Prime Minister Tomiichi Murayama
""On the occasion of the 50th anniversary of the war's end""
(15 August 1995)
(Translation)

The world has seen fifty years elapse since the war came to an end. Now, when I remember the many people both at home and abroad who fell victim to war, my heart is overwhelmed by a flood of emotions.

The peace and prosperity of today were built as Japan overcame great difficulty to arise from a devastated land after defeat in the war. That achievement is something of which we are proud, and let me herein express my heartfelt admiration for the wisdom and untiring effort of each and every one of our citizens. Let me also express once again my profound gratitude for the indispensable support and assistance extended to Japan by the countries of the world, beginning with the United States of America. I am also delighted that we have been able to build the friendly relations which we enjoy today with the neighboring countries of the Asia-Pacific region, the United States and the countries of Europe.

Now that Japan has come to enjoy peace and abundance, we tend to overlook the pricelessness and blessings of peace. Our task is to convey to younger generations the horrors of war, so that we never repeat the errors in our history. I believe that, as we join hands, especially with the peoples of neighboring countries, to ensure true peace in the Asia-Pacific region -indeed, in the entire world- it is necessary, more than anything else, that we foster relations with all countries based on deep understanding and trust. Guided by this conviction, the Government has launched the Peace, Friendship and Exchange Initiative, which consists of two parts promoting: support for historical research into relations in the modern era between Japan and the neighboring countries of Asia and elsewhere; and rapid expansion of exchanges with those countries. Furthermore, I will continue in all sincerity to do my utmost in efforts being made on the issues arisen from the war, in order to further strengthen the relations of trust between Japan and those countries.

Now, upon this historic occasion of the 50th anniversary of the war's end, we should bear in mind that we must look into the past to learn from the lessons of history, and ensure that we do not stray from the path to the peace and prosperity of human society in the future.

During a certain period in the not too distant past, Japan, following a mistaken national policy, advanced along the road to war, only to ensnare the Japanese people in a fateful crisis, and, through its colonial rule and aggression, caused tremendous damage and suffering to the people of many countries, particularly to those of Asian nations. In the hope that no such mistake be made in the future, I regard, in a spirit of humility, these irrefutable facts of history, and express here once again my feelings of deep remorse and state my heartfelt apology. Allow me also to express my feelings of profound mourning for all victims, both at home and abroad, of that history.

Building from our deep remorse on this occasion of the 50th anniversary of the end of the war, Japan must eliminate self-righteous nationalism, promote international coordination as a responsible member of the international community and, thereby, advance the principles of peace and democracy. At the same time, as the only country to have experienced the devastation of atomic bombing, Japan, with a view to the ultimate elimination of nuclear weapons, must actively strive to further global disarmament in areas such as the strengthening of the nuclear non-proliferation regime. It is my conviction that in this way alone can Japan atone for its past and lay to rest the spirits of those who perished.

It is said that one can rely on good faith. And so, at this time of remembrance, I declare to the people of Japan and abroad my intention to make good faith the foundation of our Government policy, and this is my vow.","Statement by Prime Minister Tomiichi Murayama
""On the occasion of the 50th anniversary of the war's end""
(15 August 1995)
(Translation)

The world has seen fifty years elapse since the war came to an end. Now, when I remember the many people both at home and abroad who fell victim to war, my heart is overwhelmed by a flood of emotions.

The peace and prosperity of today were built as Japan overcame great difficulty to arise from a devastated land after defeat in the war. That achievement is something of which we are proud, and let me herein express my heartfelt admiration for the wisdom and untiring effort of each and every one of our citizens. Let me also express once again my profound gratitude for the indispensable support and assistance extended to Japan by the countries of the world, beginning with the United States of America. I am also delighted that we have been able to build the friendly relations which we enjoy today with the neighboring countries of the Asia-Pacific region, the United States and the countries of Europe.

Now that Japan has come to enjoy peace and abundance, we tend to overlook the pricelessness and blessings of peace. Our task is to convey to younger generations the horrors of war, so that we never repeat the errors in our history. I believe that, as we join hands, especially with the peoples of neighboring countries, to ensure true peace in the Asia-Pacific region -indeed, in the entire world- it is necessary, more than anything else, that we foster relations with all countries based on deep understanding and trust. Guided by this conviction, the Government has launched the Peace, Friendship and Exchange Initiative, which consists of two parts promoting: support for historical research into relations in the modern era between Japan and the neighboring countries of Asia and elsewhere; and rapid expansion of exchanges with those countries. Furthermore, I will continue in all sincerity to do my utmost in efforts being made on the issues arisen from the war, in order to further strengthen the relations of trust between Japan and those countries.

Now, upon this historic occasion of the 50th anniversary of the war's end, we should bear in mind that we must look into the past to learn from the lessons of history, and ensure that we do not stray from the path to the peace and prosperity of human society in the future.

During a certain period in the not too distant past, Japan, following a mistaken national policy, advanced along the road to war, only to ensnare the Japanese people in a fateful crisis, and, through its colonial rule and aggression, caused tremendous damage and suffering to the people of many countries, particularly to those of Asian nations. In the hope that no such mistake be made in the future, I regard, in a spirit of humility, these irrefutable facts of history, and express here once again my feelings of deep remorse and state my heartfelt apology. Allow me also to express my feelings of profound mourning for all victims, both at home and abroad, of that history.

Building from our deep remorse on this occasion of the 50th anniversary of the end of the war, Japan must eliminate self-righteous nationalism, promote international coordination as a responsible member of the international community and, thereby, advance the principles of peace and democracy. At the same time, as the only country to have experienced the devastation of atomic bombing, Japan, with a view to the ultimate elimination of nuclear weapons, must actively strive to further global disarmament in areas such as the strengthening of the nuclear non-proliferation regime. It is my conviction that in this way alone can Japan atone for its past and lay to rest the spirits of those who perished.

It is said that one can rely on good faith. And so, at this time of remembrance, I declare to the people of Japan and abroad my intention to make good faith the foundation of our Government policy, and this is my vow.",HISTORICAL_RECOGNITION_GENERAL,COLONIAL_RULE;AGGRESSION;APOLOGY_GENERAL,1,1,1,HIGH,1,1,1,1,1,0,STATE,1,MIXED,en,1,https://www.mofa.go.jp/announce/press/pm/murayama/9508.html,2026-09-22,https://web.archive.org/web/20260905165251/https://www.mofa.go.jp/announce/press/pm/murayama/9508.html,WAYBACK_MANUAL_LANDMARK_ANCHOR,"The canonical 1995 apology statement (""Murayama Danwa""), retrieved via a Wayback Machine snapshot of the official mofa.go.jp page since the live site is blocked site-wide (see README's Network access notes). Explicitly names ""colonial rule and aggression"" as the cause of ""tremendous damage and suffering,"" states ""deep remorse""/""heartfelt apology,"" and commits to the Peace, Friendship and Exchange Initiative (remedy=1: historical research support + exchange expansion). Landmark anchor for phase 2 (pre-2020 historical flashpoint), not part of the 2020-2025 main-axis sample. [2026-10-02 addition: remedy_victim_directed=1 -- this remedy (the Peace, Friendship and Exchange Initiative) is genuinely directed at the Asian countries affected by Japan's colonial rule and aggression, not domestic self-care.]",HIGH,fb5c4c76-604a-5c42-a004-843b44d50556,1,SELF,1
0ec1dbb1-b858-4a05-8025-556260ab7541,japan,1993-08-23,1993,HOSOKAWA Morihiro,Prime Minister of Japan,HEAD,Prime Minister of Japan / National Diet (Policy Speech),SPEECH,Policy Speech by Prime Minister Morihiro Hosokawa to the 127th Session of the National Diet,,"Policy Speech by Prime Minister Morihiro Hosokawa to the 127th Session of the National Diet
(23 August 1993)

[...]

Forty-eight years later, Japan has now become one of the prime beneficiaries of world prosperity and peace. Yet we should never forget that this achievement rests upon the supreme sacrifices made during the war and is the result of the great efforts made by previous generations. I believe it is important at this juncture that we state clearly before all the world our remorse at our past history and our renewed determination to do better. I would thus like to take this opportunity to express anew our profound remorse and apologies for the fact that past Japanese actions, including aggression and colonial rule, caused unbearable suffering and sorrow for so many people and to state that we will demonstrate our new determination by contributing more than ever before to world peace.

[The speech otherwise addresses disaster relief, political reform, the economy, and foreign policy generally; only this passage concerns historical recognition. Full text retrieved and reviewed in both English and the Japanese original.]","I would thus like to take this opportunity to express anew our profound remorse and apologies for the fact that past Japanese actions, including aggression and colonial rule, caused unbearable suffering and sorrow for so many people and to state that we will demonstrate our new determination by contributing more than ever before to world peace.",HISTORICAL_RECOGNITION_GENERAL,COLONIAL_RULE;AGGRESSION;APOLOGY_GENERAL,1,1,1,HIGH,1,1,1,1,0,0,STATE,1,MIXED,en,0,https://worldjpn.net/documents/texts/pm/19930823.SWE.html,2026-10-02,NA,ACADEMIC_ARCHIVE_WORLDJPN_LANDMARK_ANCHOR,"First formal Japanese-government acknowledgment of the war as one of ""aggression"" (shinryaku), delivered as the historical-recognition passage within an otherwise general Diet policy speech by the first non-LDP postwar Prime Minister. Widely credited by historians as having opened the way for the 1995 Murayama Danwa. Primary source would be the National Diet proceedings record (kokkai kaigiroku) and/or a contemporaneous Kantei press release; neither is directly accessible (Diet record search systems and pre-Nov-2017 Kantei pages were not retrievable in this session). Retrieved via ""The World and Japan"" Database (Project Leader: TANAKA Akihiko; National Graduate Institute for Policy Studies / Institute for Advanced Studies on Asia, University of Tokyo), an academic archival database that reproduces official Japanese-government diplomatic texts with full source citation. Used because the primary official source (mofa.go.jp, blocked site-wide by Akamai WAF; and/or pre-Nov-2017 Kantei pages, unreachable directly) could not be accessed, and the Wayback Machine has remained unreachable (TLS connection reset) throughout this project (last checked 2026-10-02). The retrieved English text was cross-checked against the Japanese original (also retrieved from the same database) for fidelity; both are consistent. classification_confidence is downgraded to MEDIUM to reflect this academic-archival substitution for the primary government source, following the same convention used elsewhere in this corpus for wire-service substitutions.",MEDIUM,7b2ff5c7-c0f3-5022-9231-8e9facbbda2f,1,SELF,0
a838317a-deff-4460-91c1-1c0e6411b865,japan,2001-08-13,2001,KOIZUMI Junichiro,Prime Minister of Japan,HEAD,Prime Minister of Japan,STATEMENT,Statement of Prime Minister Junichiro Koizumi [on the Yasukuni Shrine visit],,"Statement of Prime Minister Junichiro Koizumi
(13 August 2001)

The day after tomorrow, August 15, is the fifty-sixth anniversary of the end of the war. Looking back to the last war at the very beginning of the twenty-first century, solemn feelings fill my heart. During the war, Japan caused tremendous sufferings to many people of the world including its own people. Following a mistaken national policy during a certain period in the past, Japan imposed, through its colonial rule and aggression, immeasurable ravages and suffering particularly to the people of the neighboring countries in Asia. This has left a still incurable scar to many people in the region.

Sincerely facing these deeply regrettable historical facts as they are, here I offer my feelings of profound remorse and sincere mourning to all the victims of the war.

I believe that Japan must never again proceed a path to war. [...] I had thought that people of Japan and those of the neighboring countries would understand my belief if it was fully explained, and thus, after my assumption of office as Prime Minister, I expressed my wish to visit Yasukuni Shrine on August 15.

However, as the anniversary of the end of the war came closer, vocal debates have started at home and abroad as to whether I should visit Yasukuni Shrine. [...] I have made my own decision not to visit Yasukuni Shrine on that day, and I would like to choose another day for a visit.

[Remainder of statement discusses the political controversy over the deferred visit and the Prime Minister's intention to discuss the matter with Chinese and Korean leaders.]","Following a mistaken national policy during a certain period in the past, Japan imposed, through its colonial rule and aggression, immeasurable ravages and suffering particularly to the people of the neighboring countries in Asia. This has left a still incurable scar to many people in the region. Sincerely facing these deeply regrettable historical facts as they are, here I offer my feelings of profound remorse and sincere mourning to all the victims of the war.",YASUKUNI,AGGRESSION;COLONIAL_RULE,1,1,1,HIGH,0,1,1,1,0,0,STATE,1,MIXED,en,1,https://worldjpn.net/documents/texts/exdpm/20010813.S1E.html,2026-10-02,NA,ACADEMIC_ARCHIVE_WORLDJPN_LANDMARK_ANCHOR,"Issued the day Koizumi announced he would defer his planned August 15 Yasukuni Shrine visit amid domestic/international controversy (he visited instead on August 13). Notable for using the standard ""remorse"" formula (shinryaku/colonial-rule acknowledgment) without the word ""apology"" appearing anywhere in the text -- coded apology=0 on that basis, unlike Murayama/Hosokawa/Obuchi which explicitly use ""apology""/""apologize"". Selected as a landmark anchor for the Yasukuni dimension of the reviewer-requested timeline, and because the Yasukuni-visit political dynamic (domestic conservative base vs. diplomatic cost with China/Korea) is a clear kingdon_politics=1 case. Page itself cites ""[Source] Ministry of Foreign Affairs of Japan"". Retrieved via ""The World and Japan"" Database (Project Leader: TANAKA Akihiko; National Graduate Institute for Policy Studies / Institute for Advanced Studies on Asia, University of Tokyo), an academic archival database that reproduces official Japanese-government diplomatic texts with full source citation. Used because the primary official source (mofa.go.jp, blocked site-wide by Akamai WAF; and/or pre-Nov-2017 Kantei pages, unreachable directly) could not be accessed, and the Wayback Machine has remained unreachable (TLS connection reset) throughout this project (last checked 2026-10-02). The retrieved English text was cross-checked against the Japanese original (also retrieved from the same database) for fidelity; both are consistent. classification_confidence is downgraded to MEDIUM to reflect this academic-archival substitution for the primary government source, following the same convention used elsewhere in this corpus for wire-service substitutions.",MEDIUM,7ecb7e7f-b577-5bc5-9e3f-9884ffa0ca5c,1,SELF,0
e1556e99-1168-42e4-8baf-ab585fe7d389,japan,1998-10-08,1998,OBUCHI Keizo,Prime Minister of Japan,HEAD,Prime Minister of Japan,JOINT_STATEMENT,Japan-Republic of Korea Joint Declaration: A New Japan-Republic of Korea Partnership towards the Twenty-first Century,,"Japan-Republic of Korea Joint Declaration: A New Japan-Republic of Korea Partnership towards the Twenty-first Century (8 October 1998, Tokyo)

[...]

Prime Minister Obuchi, looking back on the relations between Japan and the Republic of Korea during this century, regarded in a spirit of humility the fact of history that Japan caused, during a certain period in the past, tremendous damage and suffering to the people of the Republic of Korea through its colonial rule, and expressed his deep remorse and heartfelt apology for this fact.

[The remainder of the declaration addresses bilateral political, security, economic and cultural cooperation; it does not contain a new compensation or remedy measure tied to the historical-recognition passage above -- see the companion Kim Dae-jung record for his response.]","Prime Minister Obuchi regarded in a spirit of humility the fact of history that Japan caused, during a certain period in the past, tremendous damage and suffering to the people of the Republic of Korea through its colonial rule, and expressed his deep remorse and heartfelt apology for this fact.",COLONIAL_RULE,APOLOGY_GENERAL;HISTORICAL_RECOGNITION_GENERAL,1,1,1,HIGH,1,1,1,1,0,0,STATE,1,INTERNATIONAL,en,1,https://worldjpn.net/documents/texts/JPKR/19981008.D1E.html,2026-10-02,NA,ACADEMIC_ARCHIVE_WORLDJPN_LANDMARK_ANCHOR,"Bilateral joint declaration recorded as two records from the same document -- this one for PM Obuchi's historical-recognition passage (Japan/SELF-attribution side), and a companion record (same duplicate_group_id-eligible source, see below) for President Kim Dae-jung's acceptance/reconciliation-framed response (Korea side). Widely cited in the literature (e.g. Lind 2008) as the clearest instance of a Japanese apology being explicitly accepted by the recipient government -- directly relevant to the reviewer's critique that the paper needed to engage the literature on apology *reception*, not just issuance. pardon_or_forgiveness is coded 0 on THIS (Japan) record because the reconciliation framing is Kim's language, not Obuchi's; see the companion Korea record. Retrieved via ""The World and Japan"" Database (Project Leader: TANAKA Akihiko; National Graduate Institute for Policy Studies / Institute for Advanced Studies on Asia, University of Tokyo), an academic archival database that reproduces official Japanese-government diplomatic texts with full source citation. Used because the primary official source (mofa.go.jp, blocked site-wide by Akamai WAF; and/or pre-Nov-2017 Kantei pages, unreachable directly) could not be accessed, and the Wayback Machine has remained unreachable (TLS connection reset) throughout this project (last checked 2026-10-02). The retrieved English text was cross-checked against the Japanese original (also retrieved from the same database) for fidelity; both are consistent. classification_confidence is downgraded to MEDIUM to reflect this academic-archival substitution for the primary government source, following the same convention used elsewhere in this corpus for wire-service substitutions.",MEDIUM,9e332c05-1cc1-57f2-ae84-7fc71b2cdf0d,1,SELF,0
8b93a4d1-3e00-4ac8-94d3-3c389a0b152f,korea,1998-10-08,1998,KIM Dae-jung,President of the Republic of Korea,HEAD,Office of the President of the Republic of Korea,JOINT_STATEMENT,Japan-Republic of Korea Joint Declaration: A New Japan-Republic of Korea Partnership towards the Twenty-first Century,,"Japan-Republic of Korea Joint Declaration: A New Japan-Republic of Korea Partnership towards the Twenty-first Century (8 October 1998, Tokyo)

[...]

President Kim accepted with sincerity this statement of Prime Minister Obuchi's recognition of history and expressed his appreciation for it. He also expressed his view that the present calls upon both countries to overcome their unfortunate history and to build a future-oriented relationship based on reconciliation as well as good-neighborly and friendly cooperation.

[...] Both leaders shared the view that it was important that the peoples of both countries, the young generation in particular, deepen their understanding of history.",President Kim accepted with sincerity this statement of Prime Minister Obuchi's recognition of history and expressed his appreciation for it. He also expressed his view that the present calls upon both countries to overcome their unfortunate history and to build a future-oriented relationship based on reconciliation as well as good-neighborly and friendly cooperation.,COLONIAL_RULE,APOLOGY_GENERAL,1,1,1,HIGH,0,0,0,1,0,1,NA,NA,INTERNATIONAL,en,1,https://worldjpn.net/documents/texts/JPKR/19981008.D1E.html,2026-10-02,NA,ACADEMIC_ARCHIVE_WORLDJPN_LANDMARK_ANCHOR,"Companion record to the PM Obuchi record from the same joint declaration, capturing President Kim's response. Kim does not himself attribute responsibility to an actor here (agency_explicit=NA, attribution_direction=NA) -- he is accepting/responding to Obuchi's prior attribution, not making a new one -- but his language explicitly frames the moment as reconciliation (pardon_or_forgiveness=1), making this the only Korea-side pardon_or_forgiveness=1 record identified across the whole corpus (main axis + landmark anchors). This is the single clearest case in the corpus of a historical-recognition cycle completing (offer -> acceptance) rather than remaining open or contested, and is directly relevant to the reviewer's point that the paper's literature review needed to engage apology *reception*, not just issuance (e.g. Lind 2008's discussion of this exact episode). Retrieved via ""The World and Japan"" Database (Project Leader: TANAKA Akihiko; National Graduate Institute for Policy Studies / Institute for Advanced Studies on Asia, University of Tokyo), an academic archival database that reproduces official Japanese-government diplomatic texts with full source citation. Used because the primary official source (mofa.go.jp, blocked site-wide by Akamai WAF; and/or pre-Nov-2017 Kantei pages, unreachable directly) could not be accessed, and the Wayback Machine has remained unreachable (TLS connection reset) throughout this project (last checked 2026-10-02). The retrieved English text was cross-checked against the Japanese original (also retrieved from the same database) for fidelity; both are consistent. classification_confidence is downgraded to MEDIUM to reflect this academic-archival substitution for the primary government source, following the same convention used elsewhere in this corpus for wire-service substitutions.",MEDIUM,9e332c05-1cc1-57f2-ae84-7fc71b2cdf0d,1,NA,0
33206985-9493-4a38-b8e0-cd18b4478e5d,japan,2015-08-14,2015,ABE Shinzo,Prime Minister of Japan,HEAD,Prime Minister of Japan (Cabinet Decision),STATEMENT,Statement by Prime Minister Shinzo Abe [on the 70th anniversary of the end of World War II],,"Statement by Prime Minister Shinzo Abe (14 August 2015)

[...]

Incident, aggression, war -- we shall never again resort to any form of the threat or use of force as a means of settling international disputes. We shall abandon colonial rule forever and respect the right of self-determination of all peoples throughout the world.

With deep repentance for the war, Japan made that pledge. [...]

Japan has repeatedly expressed the feelings of deep remorse and heartfelt apology for its actions during the war. In order to manifest such feelings through concrete actions, we have engraved in our hearts the histories of suffering of the people in Asia as our neighbours: those in Southeast Asian countries such as Indonesia and the Philippines, and Taiwan, the Republic of Korea and China, among others; and we have consistently devoted ourselves to the peace and prosperity of the region since the end of the war.

Such position articulated by the previous cabinets will remain unshakable into the future.

[...]

In Japan, the postwar generations now exceed eighty per cent of its population. We must not let our children, grandchildren, and even further generations to come, who have nothing to do with that war, be predestined to apologize. Still, even so, we Japanese, across generations, must squarely face the history of the past. We have the responsibility to inherit the past, in all humbleness, and pass it on to the future.

[...] We shall never forget that there were women behind the battlefields whose honour and dignity were severely injured.","Japan has repeatedly expressed the feelings of deep remorse and heartfelt apology for its actions during the war. [...] Such position articulated by the previous cabinets will remain unshakable into the future. [...] We must not let our children, grandchildren, and even further generations to come, who have nothing to do with that war, be predestined to apologize.",HISTORICAL_RECOGNITION_GENERAL,COLONIAL_RULE;AGGRESSION;APOLOGY_GENERAL;SEXUAL_SLAVERY,1,1,1,HIGH,0,1,0,1,0,0,STATE,1,MIXED,en,1,https://worldjpn.net/documents/texts/docs/20150814.S1E.html,2026-10-02,NA,ACADEMIC_ARCHIVE_WORLDJPN_LANDMARK_ANCHOR,"The last cabinet-decided decennial Danwa to date (see the companion 2025 Ishiba record, which was explicitly NOT issued as a cabinet-decided Danwa). apology=0 and remorse=0 are deliberate, NOT an oversight: this statement does not itself offer a fresh first-person apology or remorse -- it REAFFIRMS that ""Japan has repeatedly expressed"" these feelings in the past and declares that position ""unshakable,"" then pivots to argue that future generations ""must not...be predestined to apologize."" This is the well-documented ""Did Abe apologize?"" ambiguity (see e.g. The Diplomat, 2015-08-14, title of that name) and is coded here the same way this corpus codes every other reaffirmation-only statement (e.g. all 2020-2025 Japan main-axis records, which show the identical reaffirm-but-do-not-restate pattern and are likewise coded apology=0/remorse=0): a reference to a past apology is not itself a new apology. Coded explicitly this way for direct comparability with the main-axis coding convention; see pilot_coverage_report.md's Aug 15 timeline section for the full argument that 2015 is the pivot point after which Japan's official repertoire shifts from (occasionally) offering apology/remorse to only ever reaffirming it. Retrieved via ""The World and Japan"" Database (Project Leader: TANAKA Akihiko; National Graduate Institute for Policy Studies / Institute for Advanced Studies on Asia, University of Tokyo), an academic archival database that reproduces official Japanese-government diplomatic texts with full source citation. Used because the primary official source (mofa.go.jp, blocked site-wide by Akamai WAF; and/or pre-Nov-2017 Kantei pages, unreachable directly) could not be accessed, and the Wayback Machine has remained unreachable (TLS connection reset) throughout this project (last checked 2026-10-02). The retrieved English text was cross-checked against the Japanese original (also retrieved from the same database) for fidelity; both are consistent. classification_confidence is downgraded to MEDIUM to reflect this academic-archival substitution for the primary government source, following the same convention used elsewhere in this corpus for wire-service substitutions.",MEDIUM,ea5ef67a-684e-5ffd-b037-f6e85ec114f9,1,SELF,0
aaa8dcb9-99c0-4a42-aa88-77007d47d5df,japan,2025-10-10,2025,ISHIBA Shigeru,Prime Minister of Japan,HEAD,"Prime Minister of Japan (personal reflection, NOT a Cabinet decision)",STATEMENT,Reflection by Prime Minister: On the 80th anniversary of the end of the war,,"Reflection by Prime Minister: On the 80th anniversary of the end of the war (10 October 2025)

(This provisional translation is subject to further edits.)

80 years have passed since the end of the war. [...]

To date, Statements by the Prime Minister have been issued on the 50th, 60th and 70th anniversary of the end of the war, and I uphold the positions articulated by the previous cabinets on history. The past three Statements do not specifically address in depth why we could not have avoided the war. [...] The unanswered question is: why our domestic political system could not serve as a brake to stop such attempts.

[The remainder of the document -- the great majority of its length -- is a detailed historical analysis of Imperial Japan's own constitutional, governmental, parliamentary, and media failures to maintain civilian control over the military in the 1920s-1940s (the Meiji Constitution's divided command authority, the 1940 expulsion of Diet member Saito Takao for an anti-war speech, wartime press self-censorship, etc.), concluding with lessons for present-day civilian control of Japan's Self-Defense Forces. It does not at any point mention Korea, China, colonial rule, comfort women, forced labor, or any historical wrong committed against another country's people -- its sole reference to the wider region is a passing mention of a memorial visit to a Japanese war-dead cemetery in the Philippines.]

I believe that the foundation of our nation as a peace-loving nation will be further strengthened by having every citizen, including the younger generation, proactively reflect on the previous war and the nature of peace, and apply these lessons to the future.

October 10, 2025
Prime Minister
ISHIBA Shigeru","To date, Statements by the Prime Minister have been issued on the 50th, 60th and 70th anniversary of the end of the war, and I uphold the positions articulated by the previous cabinets on history. The past three Statements do not specifically address in depth why we could not have avoided the war. [...] The unanswered question is: why our domestic political system could not serve as a brake to stop such attempts.",WAR_GENERAL,HISTORICAL_RECOGNITION_GENERAL,1,0,1,HIGH,0,1,0,1,0,0,NA,NA,DOMESTIC,en,1,https://japan.kantei.go.jp/content/000182742.pdf,2026-10-02,https://www.kantei.go.jp/jp/103/statement/2025/1010kaiken.html,LIVE_KANTEI_DIRECT_UA_HEADER,"This is the 80th-anniversary document in the 50/60/70-year Danwa sequence (Murayama 1995, Koizumi 2005 [not yet collected], Abe 2015), but it was explicitly NOT issued as a cabinet-decided Danwa: contemporary Japanese reporting (e.g. Tokyo Shimbun, 2025-10-11; Nikkei, 2025-09-24; JCP/Akahata, 2025-10-11) confirms Ishiba originally intended a cabinet-decided statement but abandoned that plan after opposition from within the LDP, releasing this lesser ""naikaku soridaijin shokan"" (Reflection by the Prime Minister) instead -- a personal document with no cabinet endorsement. agency_explicit/attribution_direction/responsibility_actor are coded NA, not 0, because the document does not engage the Japan-vs-Asia-neighbors historical-wrong question AT ALL (contrast Abe 2015, which engages it but only reaffirms a past apology): this document reframes ""historical recognition"" entirely as a question of Imperial Japan's own domestic constitutional/ civilian-control failure, with zero mention of Korea, China, colonial rule, or any other-directed wrongdoing -- a genre AND framing shift beyond even the attenuation seen in Abe 2015. Retrieved directly from the live japan.kantei.go.jp site (English PDF) and www.kantei.go.jp (Japanese original) using the AcademicResearchBot/1.0 User-Agent header documented in README.md's ""Network access notes"" as necessary to get real content from Kantei rather than its fake-looking default-UA 404 page; both direct hits (no Wayback or academic-mirror substitution needed), hence classification_confidence=HIGH, the only HIGH among these six new landmark records.",HIGH,9fffdf42-c80c-5511-bbed-88f1bc616efa,1,NA,0
