record_id,country,date,year,speaker_name,speaker_position,speaker_level,institution,document_type,document_title,question_text,response_text,relevant_excerpt,issue_primary,issue_secondary,kingdon_problem,kingdon_policy,kingdon_politics,kingdon_confidence,apology,explanation,remorse,reflection,remedy,pardon_or_forgiveness,responsibility_actor,agency_explicit,audience_orientation,source_language,official_translation,source_url,retrieval_date,archive_url,collection_method,coder_notes,classification_confidence,duplicate_group_id,canonical_record
8161959d-8b7b-4cd1-b4be-7171aa80c02d,japan,1995-08-15,1995,MURAYAMA Tomiichi,Prime Minister of Japan,HEAD,Ministry of Foreign Affairs of Japan,STATEMENT,"Statement by Prime Minister Tomiichi Murayama ""On the occasion of the 50th anniversary of the war's end"" (15 August 1995)",,"Statement by Prime Minister Tomiichi Murayama
""On the occasion of the 50th anniversary of the war's end""
(15 August 1995)
(Translation)

The world has seen fifty years elapse since the war came to an end. Now, when I remember the many people both at home and abroad who fell victim to war, my heart is overwhelmed by a flood of emotions.

The peace and prosperity of today were built as Japan overcame great difficulty to arise from a devastated land after defeat in the war. That achievement is something of which we are proud, and let me herein express my heartfelt admiration for the wisdom and untiring effort of each and every one of our citizens. Let me also express once again my profound gratitude for the indispensable support and assistance extended to Japan by the countries of the world, beginning with the United States of America. I am also delighted that we have been able to build the friendly relations which we enjoy today with the neighboring countries of the Asia-Pacific region, the United States and the countries of Europe.

Now that Japan has come to enjoy peace and abundance, we tend to overlook the pricelessness and blessings of peace. Our task is to convey to younger generations the horrors of war, so that we never repeat the errors in our history. I believe that, as we join hands, especially with the peoples of neighboring countries, to ensure true peace in the Asia-Pacific region -indeed, in the entire world- it is necessary, more than anything else, that we foster relations with all countries based on deep understanding and trust. Guided by this conviction, the Government has launched the Peace, Friendship and Exchange Initiative, which consists of two parts promoting: support for historical research into relations in the modern era between Japan and the neighboring countries of Asia and elsewhere; and rapid expansion of exchanges with those countries. Furthermore, I will continue in all sincerity to do my utmost in efforts being made on the issues arisen from the war, in order to further strengthen the relations of trust between Japan and those countries.

Now, upon this historic occasion of the 50th anniversary of the war's end, we should bear in mind that we must look into the past to learn from the lessons of history, and ensure that we do not stray from the path to the peace and prosperity of human society in the future.

During a certain period in the not too distant past, Japan, following a mistaken national policy, advanced along the road to war, only to ensnare the Japanese people in a fateful crisis, and, through its colonial rule and aggression, caused tremendous damage and suffering to the people of many countries, particularly to those of Asian nations. In the hope that no such mistake be made in the future, I regard, in a spirit of humility, these irrefutable facts of history, and express here once again my feelings of deep remorse and state my heartfelt apology. Allow me also to express my feelings of profound mourning for all victims, both at home and abroad, of that history.

Building from our deep remorse on this occasion of the 50th anniversary of the end of the war, Japan must eliminate self-righteous nationalism, promote international coordination as a responsible member of the international community and, thereby, advance the principles of peace and democracy. At the same time, as the only country to have experienced the devastation of atomic bombing, Japan, with a view to the ultimate elimination of nuclear weapons, must actively strive to further global disarmament in areas such as the strengthening of the nuclear non-proliferation regime. It is my conviction that in this way alone can Japan atone for its past and lay to rest the spirits of those who perished.

It is said that one can rely on good faith. And so, at this time of remembrance, I declare to the people of Japan and abroad my intention to make good faith the foundation of our Government policy, and this is my vow.","Statement by Prime Minister Tomiichi Murayama
""On the occasion of the 50th anniversary of the war's end""
(15 August 1995)
(Translation)

The world has seen fifty years elapse since the war came to an end. Now, when I remember the many people both at home and abroad who fell victim to war, my heart is overwhelmed by a flood of emotions.

The peace and prosperity of today were built as Japan overcame great difficulty to arise from a devastated land after defeat in the war. That achievement is something of which we are proud, and let me herein express my heartfelt admiration for the wisdom and untiring effort of each and every one of our citizens. Let me also express once again my profound gratitude for the indispensable support and assistance extended to Japan by the countries of the world, beginning with the United States of America. I am also delighted that we have been able to build the friendly relations which we enjoy today with the neighboring countries of the Asia-Pacific region, the United States and the countries of Europe.

Now that Japan has come to enjoy peace and abundance, we tend to overlook the pricelessness and blessings of peace. Our task is to convey to younger generations the horrors of war, so that we never repeat the errors in our history. I believe that, as we join hands, especially with the peoples of neighboring countries, to ensure true peace in the Asia-Pacific region -indeed, in the entire world- it is necessary, more than anything else, that we foster relations with all countries based on deep understanding and trust. Guided by this conviction, the Government has launched the Peace, Friendship and Exchange Initiative, which consists of two parts promoting: support for historical research into relations in the modern era between Japan and the neighboring countries of Asia and elsewhere; and rapid expansion of exchanges with those countries. Furthermore, I will continue in all sincerity to do my utmost in efforts being made on the issues arisen from the war, in order to further strengthen the relations of trust between Japan and those countries.

Now, upon this historic occasion of the 50th anniversary of the war's end, we should bear in mind that we must look into the past to learn from the lessons of history, and ensure that we do not stray from the path to the peace and prosperity of human society in the future.

During a certain period in the not too distant past, Japan, following a mistaken national policy, advanced along the road to war, only to ensnare the Japanese people in a fateful crisis, and, through its colonial rule and aggression, caused tremendous damage and suffering to the people of many countries, particularly to those of Asian nations. In the hope that no such mistake be made in the future, I regard, in a spirit of humility, these irrefutable facts of history, and express here once again my feelings of deep remorse and state my heartfelt apology. Allow me also to express my feelings of profound mourning for all victims, both at home and abroad, of that history.

Building from our deep remorse on this occasion of the 50th anniversary of the end of the war, Japan must eliminate self-righteous nationalism, promote international coordination as a responsible member of the international community and, thereby, advance the principles of peace and democracy. At the same time, as the only country to have experienced the devastation of atomic bombing, Japan, with a view to the ultimate elimination of nuclear weapons, must actively strive to further global disarmament in areas such as the strengthening of the nuclear non-proliferation regime. It is my conviction that in this way alone can Japan atone for its past and lay to rest the spirits of those who perished.

It is said that one can rely on good faith. And so, at this time of remembrance, I declare to the people of Japan and abroad my intention to make good faith the foundation of our Government policy, and this is my vow.",HISTORICAL_RECOGNITION_GENERAL,COLONIAL_RULE;AGGRESSION;APOLOGY_GENERAL,1,1,1,HIGH,1,1,1,1,1,0,STATE,1,MIXED,en,1,https://www.mofa.go.jp/announce/press/pm/murayama/9508.html,2026-09-22,https://web.archive.org/web/20260905165251/https://www.mofa.go.jp/announce/press/pm/murayama/9508.html,WAYBACK_MANUAL_LANDMARK_ANCHOR,"The canonical 1995 apology statement (""Murayama Danwa""), retrieved via a Wayback Machine snapshot of the official mofa.go.jp page since the live site is blocked site-wide (see README's Network access notes). Explicitly names ""colonial rule and aggression"" as the cause of ""tremendous damage and suffering,"" states ""deep remorse""/""heartfelt apology,"" and commits to the Peace, Friendship and Exchange Initiative (remedy=1: historical research support + exchange expansion). Landmark anchor for phase 2 (pre-2020 historical flashpoint), not part of the 2020-2025 main-axis sample.",HIGH,fb5c4c76-604a-5c42-a004-843b44d50556,1
ead9ec86-8b03-4a71-8bf3-1f0726afdc92,china,2025-10-17,2025,Lin Jian,Foreign Ministry Spokesperson,OFFICIAL,Ministry of Foreign Affairs of the People's Republic of China,PRESS_CONFERENCE,"Foreign Ministry Spokesperson Lin Jian's Regular Press Conference on October 17, 2025","Kyodo News: Today marks the first day of the autumn festival of Japan’s Yasukuni Shrine. Prime Minister Shigeru Ishiba and Liberal Democratic Party head Sanae Takaichi didn’t visit the shrine, but Ishiba sent a “masakaki” offering to the shrine in his name as Prime Minister, and Takaichi made a monetary offering using her own funds. What’s China’s comment?","Lin Jian: The Yasukuni Shrine is a spiritual tool and symbol of Japanese militarists responsible for the war of aggression. The place honors 14 convicted Class-A war criminals with grave responsibilities for the war crimes committed during that war of aggression. China is firmly against Japan’s latest negative moves related to the Yasukuni Shrine and has lodged serious protests.

This year marks the 80th anniversary of the victory of the Chinese People’s War of Resistance Against Japanese Aggression and the World Anti-Fascist War. To view and treat history correctly is an important prerequisite for Japan’s post-war return to the international community. It is the political foundation of Japan’s relations with neighboring countries, and more importantly, a yardstick for Japan’s commitment to peaceful development. We urge Japan to face squarely and reflect on its history of aggression, be prudent on historical issues such as the Yasukuni Shrine, make a clean break with militarism, stick to the path of peaceful development, and earn the trust of its Asian neighbors and the international community through real actions.","Lin Jian: The Yasukuni Shrine is a spiritual tool and symbol of Japanese militarists responsible for the war of aggression. The place honors 14 convicted Class-A war criminals with grave responsibilities for the war crimes committed during that war of aggression. China is firmly against Japan’s latest negative moves related to the Yasukuni Shrine and has lodged serious protests.

This year marks the 80th anniversary of the victory of the Chinese People’s War of Resistance Against Japanese Aggression and the World Anti-Fascist War. To view and treat history correctly is an important prerequisite for Japan’s post-war return to the international community. It is the political foundation of Japan’s relations with neighboring countries, and more importantly, a yardstick for Japan’s commitment to peaceful development. We urge Japan to face squarely and reflect on its history of aggression, be prudent on historical issues such as the Yasukuni Shrine, make a clean break with militarism, stick to the path of peaceful development, and earn the trust of its Asian neighbors and the international community through real actions.",YASUKUNI,AGGRESSION,1,1,1,HIGH,0,1,0,0,0,0,LEADER,1,INTERNATIONAL,en,0,https://www.mfa.gov.cn/eng/xw/fyrbt/lxjzh/202510/t20251017_11735636.html,2026-09-22,NA,MANUAL_TARGETED_DATE_SEARCH,"Response to PM Ishiba's masakaki offering and incoming PM (then-LDP head) Takaichi's personal monetary offering to Yasukuni's autumn festival -- extends the existing Oct2023/Apr2024/Oct2024 formulaic-response series (see pilot_east_asia_2020_2025.csv) across the Ishiba-to-Takaichi transition, now explicitly framed against the '80th anniversary of victory' narrative. responsibility_actor=LEADER for the named Ishiba/Takaichi, matching the coding convention of the three earlier Yasukuni records (reflection=0 despite 'reflect on its history of aggression' wording, since that is a demand directed at Japan, not the speaker's own reflection -- consistent with those three prior records).",HIGH,d90c270a-10f7-5bc0-80d5-da0ae37930fb,1
472d4b39-01c2-46e8-9842-21fd59bcbc82,china,2025-10-17,2025,Lin Jian,Foreign Ministry Spokesperson,OFFICIAL,Ministry of Foreign Affairs of the People's Republic of China,PRESS_CONFERENCE,"Foreign Ministry Spokesperson Lin Jian's Regular Press Conference on October 17, 2025",NHK: Former Japanese Prime Minister Murayama Tomiichi passed away. Can I have the Foreign Ministry's comment?,"Lin Jian: China expresses deep condolences over the passing of former Prime Minister Murayama Tomiichi. Our hearts go out to his family.

Mr. Murayama is an old and dear friend of the Chinese people and long committed to China-Japan friendship. In May 1995, then Prime Minister Murayama visited Lugou Bridge and the Museum of the War of Chinese People's Resistance Against Japanese Aggression during his visit to China, and wrote down the words “face up to history and pray for friendship and ever-lasting peace between Japan and China.” On August 15 of the same year, which marked the 50th anniversary of Japan's announcement of unconditional surrender, then Prime Minister Murayama issued a statement on the historical issues, making a profound reflection on Japan's colonial rule and aggression and expressing apologies to the victim countries of the war. He is a statesman with a strong sense of justice, and his contribution to enhancing China-Japan friendship will forever be remembered.

This year marks the 80th anniversary of the victory of the Chinese People's War of Resistance Against Japanese Aggression and the World Anti-Fascist War. The Murayama Statement embodies the solemn statement and commitment of the Japanese government to the people of victim countries in Asia and the international community on Japan's history of aggression and colonial rule. The statement should be honored in good faith. We hope Japan will face up to and reflect on its history of aggression, keep to the path of peaceful development, win the trust of its Asian neighbors and the international community with concrete actions, and work with China in the same direction to build a constructive and stable China-Japan relationship that meets the demands of the new era.","Lin Jian: China expresses deep condolences over the passing of former Prime Minister Murayama Tomiichi. Our hearts go out to his family.

Mr. Murayama is an old and dear friend of the Chinese people and long committed to China-Japan friendship. In May 1995, then Prime Minister Murayama visited Lugou Bridge and the Museum of the War of Chinese People's Resistance Against Japanese Aggression during his visit to China, and wrote down the words “face up to history and pray for friendship and ever-lasting peace between Japan and China.” On August 15 of the same year, which marked the 50th anniversary of Japan's announcement of unconditional surrender, then Prime Minister Murayama issued a statement on the historical issues, making a profound reflection on Japan's colonial rule and aggression and expressing apologies to the victim countries of the war. He is a statesman with a strong sense of justice, and his contribution to enhancing China-Japan friendship will forever be remembered.

This year marks the 80th anniversary of the victory of the Chinese People's War of Resistance Against Japanese Aggression and the World Anti-Fascist War. The Murayama Statement embodies the solemn statement and commitment of the Japanese government to the people of victim countries in Asia and the international community on Japan's history of aggression and colonial rule. The statement should be honored in good faith. We hope Japan will face up to and reflect on its history of aggression, keep to the path of peaceful development, win the trust of its Asian neighbors and the international community with concrete actions, and work with China in the same direction to build a constructive and stable China-Japan relationship that meets the demands of the new era.",APOLOGY_GENERAL,COLONIAL_RULE;AGGRESSION,1,1,1,HIGH,0,1,0,0,0,0,STATE,1,INTERNATIONAL,en,0,https://www.mfa.gov.cn/eng/xw/fyrbt/lxjzh/202510/t20251017_11735636.html,2026-09-22,NA,MANUAL_TARGETED_DATE_SEARCH,"Same page as the Yasukuni record from this date (different Q&A pair) -- China's response to news of Murayama Tomiichi's death, notable for extensively re-describing and endorsing the 1995 Murayama Statement's content (""profound reflection on Japan's colonial rule and aggression and expressing apologies"") as still-binding (""should be honored in good faith""). apology/remorse/reflection coded 0 per the same convention as the Yasukuni-response records: the passage describes/praises Murayama's own historical apology and demands Japan's continued reflection, rather than the speaker (China) apologizing or reflecting in this passage. Directly complements the Murayama 1995 landmark-anchor record (record A) by showing the statement's contemporary reception/legacy 30 years on.",HIGH,e945632e-37cb-565f-a04e-bb9ea9699633,1
57775296-a41c-4870-963d-2edc0f19fc3a,china,2025-04-30,2025,Guo Jiakun,Foreign Ministry Spokesperson,OFFICIAL,Ministry of Foreign Affairs of the People's Republic of China,PRESS_CONFERENCE,"Foreign Ministry Spokesperson Guo Jiakun's Regular Press Conference on April 30, 2025","Nikkei: On yesterday's Japan-Philippines Summit Meeting. The two sides agreed to strengthen bilateral security cooperation, and oppose attempts to change the status quo unilaterally in the East and South China Seas. What's China's comment?","Guo Jiakun: China has all along believed that exchanges and cooperation between countries should not target any third party or harm their interests. This year marks the 80th anniversary of the victory in the Chinese People's War of Resistance Against Japanese Aggression and the World Anti-Fascist War. During World War II, Japan committed aggression against the Philippines and other East Asian countries, exercised colonial rule over them, and occupied Nanhai Zhudao. It bears serious historical responsibilities. We call on Japan to follow the path of peaceful development and act prudently in military and security areas. We oppose any moves that forge groupings and escalate tensions in the region.","Guo Jiakun: China has all along believed that exchanges and cooperation between countries should not target any third party or harm their interests. This year marks the 80th anniversary of the victory in the Chinese People's War of Resistance Against Japanese Aggression and the World Anti-Fascist War. During World War II, Japan committed aggression against the Philippines and other East Asian countries, exercised colonial rule over them, and occupied Nanhai Zhudao. It bears serious historical responsibilities. We call on Japan to follow the path of peaceful development and act prudently in military and security areas. We oppose any moves that forge groupings and escalate tensions in the region.",COLONIAL_RULE,AGGRESSION;WAR_GENERAL,1,0,1,HIGH,0,1,0,0,0,0,STATE,1,INTERNATIONAL,en,0,https://www.mfa.gov.cn/eng/xw/fyrbt/lxjzh/202504/t20250430_11614172.html,2026-09-22,NA,MANUAL_TARGETED_DATE_SEARCH,"A question about a contemporary Japan-Philippines security summit pivots into an explicit historical claim: Japan ""committed aggression against the Philippines and other East Asian countries, exercised colonial rule over them."" Distinct from the existing/other China records in this corpus in naming a third country (the Philippines, not China or Korea) as Japan's historical victim -- still in scope per the codebook (an official Chinese government statement on a historical-recognition issue concerning Japan), and adds topical diversity beyond the Yasukuni-heavy existing sample.",HIGH,8144dd90-4758-5049-9a40-f35f5659830a,1
e1f8360f-e5cc-4bd3-b047-407a2224f4ac,china,2022-08-15,2022,Wang Wenbin,Foreign Ministry Spokesperson,OFFICIAL,Ministry of Foreign Affairs of the People's Republic of China,PRESS_CONFERENCE,"Foreign Ministry Spokesperson Wang Wenbin's Regular Press Conference on August 15, 2022","Phoenix TV: Today marks the 77th anniversary of Japan's defeat in World War II. August 15 also marks a special day in China-Japan relations. Also today, Japanese Prime Minister Fumio Kishida sent a ritual offering to the Yasukuni Shrine. Certain member of Japan's Cabinet also visited this place the other day. Do you have any comment on this?","Wang Wenbin: The Yasukuni Shrine, where World War II Class-A war criminals are honored, is a spiritual tool and symbol of the wars of aggression launched by Japanese militarists. The negative move of Japanese political leaders on the issue of the Yasukuni Shrine once again shows the Japanese side's erroneous attitude toward historical issues. The Chinese side has lodged solemn démarches to the Japanese side.

Today marks the 77th anniversary of Japan's defeat and unconditional surrender. Seventy-seven years ago, the Chinese people, together with the people of the world, defeated the Japanese militarist aggressors and fascism. It was a decisive battle between justice and evil, between light and darkness, and between progress and reaction. This great victory will forever be remembered in the history of the Chinese nation and the pursuit of justice for all humanity.

Facing up to and deeply reflecting on history is an essential prerequisite for Japan to restore and develop normal relations with its Asian neighbors after World War II. For quite some time, some Japanese politicians have kept using various means to distort and glorify its history of aggression and openly acted against important legal instruments including the Cairo Declaration of 1943, which clearly stipulates that Taiwan shall be restored to China. This constitutes serious defiance to the outcomes of the victory of the World Anti-fascist War and the post-war international order. This is unacceptable to anyone who loves peace and stands for justice. Those who try to turn back the wheel of history are bound to find themselves on the wrong path again. Only by sticking to the path of peaceful development can Japan find the right direction. We urge the Japanese side to draw lessons from history, make a clean break with militarism and avoid further losing the trust of its Asian neighbors and the international community.","Wang Wenbin: The Yasukuni Shrine, where World War II Class-A war criminals are honored, is a spiritual tool and symbol of the wars of aggression launched by Japanese militarists. The negative move of Japanese political leaders on the issue of the Yasukuni Shrine once again shows the Japanese side's erroneous attitude toward historical issues. The Chinese side has lodged solemn démarches to the Japanese side.

Today marks the 77th anniversary of Japan's defeat and unconditional surrender. Seventy-seven years ago, the Chinese people, together with the people of the world, defeated the Japanese militarist aggressors and fascism. It was a decisive battle between justice and evil, between light and darkness, and between progress and reaction. This great victory will forever be remembered in the history of the Chinese nation and the pursuit of justice for all humanity.

Facing up to and deeply reflecting on history is an essential prerequisite for Japan to restore and develop normal relations with its Asian neighbors after World War II. For quite some time, some Japanese politicians have kept using various means to distort and glorify its history of aggression and openly acted against important legal instruments including the Cairo Declaration of 1943, which clearly stipulates that Taiwan shall be restored to China. This constitutes serious defiance to the outcomes of the victory of the World Anti-fascist War and the post-war international order. This is unacceptable to anyone who loves peace and stands for justice. Those who try to turn back the wheel of history are bound to find themselves on the wrong path again. Only by sticking to the path of peaceful development can Japan find the right direction. We urge the Japanese side to draw lessons from history, make a clean break with militarism and avoid further losing the trust of its Asian neighbors and the international community.",YASUKUNI,AGGRESSION;WAR_GENERAL,1,1,1,HIGH,0,1,0,0,0,0,LEADER,1,INTERNATIONAL,en,0,https://www.mfa.gov.cn/eng/xw/fyrbt/lxjzh/202405/t20240530_11347346.html,2026-09-22,NA,MANUAL_TARGETED_DATE_SEARCH,"Response to PM Kishida's Aug 15, 2022 (77th surrender-anniversary) Yasukuni ritual offering -- an earlier, more elaborate instance of the same formulaic response series as the existing Oct2023/Apr2024/Oct2024 records and the new Oct2025 one (record B); this one additionally invokes the 1943 Cairo Declaration and Taiwan's restoration, absent from the terser later-year versions. URL's folder date (202405) is a known artifact of a May 2024 site migration/re-indexing (the real date, Aug 15 2022, is confirmed by the page's own <title> and content) -- same pattern already documented in the existing coded China records from this source (see e.g. eng_xw_fyrbt_lxjzh_202405_t20240530_11347616 in the existing coded set).",HIGH,f3233602-7297-5557-9658-3685170230b3,1
d71dc189-c666-4b58-8d80-af82bce8cd80,korea,2026-08-15,2026,Lee Jae-myung,President of the Republic of Korea,HEAD,"Office of the President, Republic of Korea",SPEECH,Address by President Lee Jae Myung on Korea's 81st Liberation Day,,"Over the past year, Korea and Japan have built a foundation of trust through dynamic shuttle diplomacy. We have broadened our cooperation in supply chains, energy and advanced industries, and we also have steadily expanded the basis for exchanges between younger people.

Guided by its pragmatic diplomacy centered on national interests, my administration will continue to broaden the horizons of cooperation in pursuit of our shared interests and pool our collective wisdom to resolve common challenges together.

Above all, consolidating our past achievements requires solid trust between the peoples of our two nations.

Trust is formed through mutual empathy and a sincere recognition of one another's pain.

To this day, victims and bereaved families are still living with the wounds and pain of the past.

Korea-Japan relations have sometimes been marked by discord, but there have also been efforts to forge a better future together through courageously and sincerely facing up to the past, as seen in the South Korea-Japan Joint Declaration of 1998, agreed to between former leaders Kim Dae-jung and Keizō Obuchi.

Korea-Japan cooperation is now more important than ever. The new bilateral relationship we are building must warmly illuminate those who are still suffering from pain in the shadows of history.

I hope that Korean and Japanese administrations can build upon an even deeper sense of trust to usher in another sixty years of peace and prosperity – “not as close yet distant neighbors, but as truly close neighbors.”","Over the past year, Korea and Japan have built a foundation of trust through dynamic shuttle diplomacy. We have broadened our cooperation in supply chains, energy and advanced industries, and we also have steadily expanded the basis for exchanges between younger people.

Guided by its pragmatic diplomacy centered on national interests, my administration will continue to broaden the horizons of cooperation in pursuit of our shared interests and pool our collective wisdom to resolve common challenges together.

Above all, consolidating our past achievements requires solid trust between the peoples of our two nations.

Trust is formed through mutual empathy and a sincere recognition of one another's pain.

To this day, victims and bereaved families are still living with the wounds and pain of the past.

Korea-Japan relations have sometimes been marked by discord, but there have also been efforts to forge a better future together through courageously and sincerely facing up to the past, as seen in the South Korea-Japan Joint Declaration of 1998, agreed to between former leaders Kim Dae-jung and Keizō Obuchi.

Korea-Japan cooperation is now more important than ever. The new bilateral relationship we are building must warmly illuminate those who are still suffering from pain in the shadows of history.

I hope that Korean and Japanese administrations can build upon an even deeper sense of trust to usher in another sixty years of peace and prosperity – “not as close yet distant neighbors, but as truly close neighbors.”",HISTORICAL_RECOGNITION_GENERAL,COLONIAL_RULE,1,1,1,HIGH,0,1,0,1,0,0,STATE,1,MIXED,en,1,https://en.president.go.kr/president/statements-remarks/MK8xT9SG,2026-09-22,NA,AJAX_ARCHIVE_CRAWL,First Liberation Day address of the Lee Jae-myung administration to appear in this corpus. Invokes the 1998 Kim Dae-jung-Obuchi Declaration by name (same anchor Yoon used in his 2022/77th address -- see existing coded record) plus explicit acknowledgment that 'victims and bereaved families are still living with the wounds and pain of the past' (reflection=1). Discovered via the AJAX endpoint (/ajaxf/frBoard/bbsViewGalleryList.do) behind en.president.go.kr's supposedly JS-only pagination -- see phase2_plan.md.,HIGH,a5f3667f-ce8a-5c79-85f4-cf1ba79097b9,1
36a949fb-30d8-44b6-b18e-8d3a36a8b641,korea,2025-08-15,2025,Lee Jae-myung,President of the Republic of Korea,HEAD,"Office of the President, Republic of Korea",SPEECH,Address by President Lee Jae Myung on Korea's 80th Liberation Day,,"Fellow Koreans,

This year marks the 80th anniversary of liberation and the 60th anniversary of the establishment of diplomatic relations between Korea and Japan.

It is time to squarely face the past while also wisely stepping forward into the future.

Given our countries’ long, fraught history, redefining Korea-Japan relations is a crucial and difficult task.

Some among us are still suffering from unresolved historical issues. As well, differing perspectives continue to spawn conflicts.

At the same time, we still remember the dreams of our independence activists. Even while resisting Japan’s harsh colonial rule, our forebears never lost hope that Korea and Japan could one day become true neighbors. We must preserve this aspiration.

Japan is our neighbor across the sea as well as an indispensable partner in our economic development.

When Korea and Japan normalized diplomatic relations 60 years ago, only about 10,000 people traveled between the two countries annually. These days, however, that figure has reached 12 million.

Our national clout has also grown incomparably stronger than it was back then.

Korea and Japan have achieved industrial development in tandem. As such, we will be able to overcome the challenges of the artificial intelligence era together, which is marked by competition to secure a commanding lead, when our two countries pursue future-oriented cooperation based on mutual trust.

Guided by the principle of pragmatic, national interest-focused diplomacy, we will seek forward-looking, mutually beneficial cooperation with Japan while holding frequent meetings and frank dialogues through shuttle diplomacy.

The stronger the trust, the higher the quality of cooperation.

I hope that the Japanese government will squarely face up to our painful history and strive to maintain trust between our two countries.

I believe that such efforts will bring greater shared benefits and a brighter future for both sides.","Fellow Koreans,

This year marks the 80th anniversary of liberation and the 60th anniversary of the establishment of diplomatic relations between Korea and Japan.

It is time to squarely face the past while also wisely stepping forward into the future.

Given our countries’ long, fraught history, redefining Korea-Japan relations is a crucial and difficult task.

Some among us are still suffering from unresolved historical issues. As well, differing perspectives continue to spawn conflicts.

At the same time, we still remember the dreams of our independence activists. Even while resisting Japan’s harsh colonial rule, our forebears never lost hope that Korea and Japan could one day become true neighbors. We must preserve this aspiration.

Japan is our neighbor across the sea as well as an indispensable partner in our economic development.

When Korea and Japan normalized diplomatic relations 60 years ago, only about 10,000 people traveled between the two countries annually. These days, however, that figure has reached 12 million.

Our national clout has also grown incomparably stronger than it was back then.

Korea and Japan have achieved industrial development in tandem. As such, we will be able to overcome the challenges of the artificial intelligence era together, which is marked by competition to secure a commanding lead, when our two countries pursue future-oriented cooperation based on mutual trust.

Guided by the principle of pragmatic, national interest-focused diplomacy, we will seek forward-looking, mutually beneficial cooperation with Japan while holding frequent meetings and frank dialogues through shuttle diplomacy.

The stronger the trust, the higher the quality of cooperation.

I hope that the Japanese government will squarely face up to our painful history and strive to maintain trust between our two countries.

I believe that such efforts will bring greater shared benefits and a brighter future for both sides.",HISTORICAL_RECOGNITION_GENERAL,COLONIAL_RULE,1,1,1,HIGH,0,1,0,1,0,0,STATE,1,MIXED,en,1,https://en.president.go.kr/president/statements-remarks/96ecUYVL,2026-09-22,NA,AJAX_ARCHIVE_CRAWL,"Lee's first Liberation Day address (80th anniversary / 60th anniversary of Korea-Japan diplomatic normalization), delivered three months into his term. More direct than the 81st address a year later: explicitly states 'some among us are still suffering from unresolved historical issues' and calls on Japan to 'squarely face up to our painful history' (reflection=1, agency_explicit=1 for 'Japan's harsh colonial rule').",HIGH,60fc85bc-f3c0-56ea-b839-34226df41864,1
40c5a381-d162-4568-97b8-14475bbc5686,korea,2026-05-19,2026,Lee Jae-myung,President of the Republic of Korea,HEAD,"Office of the President, Republic of Korea",JOINT_STATEMENT,Joint Press Statement by President Lee Jae Myung on the occasion of the Korea-Japan Summit,,"DNA analysis of the remains excavated from the Chosei Coal Mine in Japan will also begin soon.

We have agreed on the specific procedures and methods for DNA analysis through close working-level consultations between diplomatic authorities of the two countries.

This will be a small but meaningful first step for both countries in cooperating on historical issues, starting with humanitarian matters.","DNA analysis of the remains excavated from the Chosei Coal Mine in Japan will also begin soon.

We have agreed on the specific procedures and methods for DNA analysis through close working-level consultations between diplomatic authorities of the two countries.

This will be a small but meaningful first step for both countries in cooperating on historical issues, starting with humanitarian matters.",FORCED_LABOR,HISTORICAL_RECOGNITION_GENERAL,1,1,1,MEDIUM,0,1,0,0,1,0,UNSPECIFIED,0,MIXED,en,NA,https://en.president.go.kr/president/statements-remarks/VWkmhWnq,2026-09-22,NA,AJAX_ARCHIVE_CRAWL,"Joint statement with (then-incoming, per the text's own framing of a hometown-to-hometown visit) PM Takaichi. Most of the document is supply-chain/AI/security cooperation (excluded); the sole historical-recognition passage is a brief, procedural mention of DNA analysis of remains from the Chosei coal mine (a wartime forced-labor conscription site) for repatriation, framed as 'a small but meaningful first step ... cooperating on historical issues.' responsibility_actor=UNSPECIFIED/agency_explicit=0 because the passage names no one as having caused the deaths/conscription -- purely procedural framing. No '(Unofficial Translation)' marker found on this page (unlike the two Liberation Day addresses), so official_translation=NA per the non-hallucination rule rather than assumed.",MEDIUM,57cb757a-d1cd-58eb-97fd-c9d14ab71879,1
10727692-a769-4455-a17a-6f6eb4b79bc8,korea,2022-03-01,2022,Moon Jae-in,President of the Republic of Korea,HEAD,"Office of the President, Republic of Korea (via National Archives of Korea web archive)",SPEECH,Address by President Moon Jae-in on 103rd March First Independence Movement Day,,"Cooperation between Korea and Japan is the responsibility of the current generation for the sake of future generations. In the March First Declaration of Independence, our forebears proposed to Japan that we overcome “old animosities” and “fleeting grudges” and work together for peace in the East. Our ideas remain the same in the present. In this time of many difficulties, Korea and Japan - close neighbors - must be able to overcome the history of the once unfortunate past and cooperate for the future. Beyond Korea-Japan relations, I sincerely hope that Japan will take leadership as an advanced nation. To this end, Japan must squarely face history and be humble before it. Japan will become a trustworthy country only when it is able to empathize with the wounds of the people of neighboring countries, which are sometimes exacerbated by a once unfortunate past.","Cooperation between Korea and Japan is the responsibility of the current generation for the sake of future generations. In the March First Declaration of Independence, our forebears proposed to Japan that we overcome “old animosities” and “fleeting grudges” and work together for peace in the East. Our ideas remain the same in the present. In this time of many difficulties, Korea and Japan - close neighbors - must be able to overcome the history of the once unfortunate past and cooperate for the future. Beyond Korea-Japan relations, I sincerely hope that Japan will take leadership as an advanced nation. To this end, Japan must squarely face history and be humble before it. Japan will become a trustworthy country only when it is able to empathize with the wounds of the people of neighboring countries, which are sometimes exacerbated by a once unfortunate past.",COLONIAL_RULE,HISTORICAL_RECOGNITION_GENERAL,1,0,1,HIGH,0,1,0,1,0,0,STATE,1,MIXED,en,1,http://webarchives.pa.go.kr/19th/english.president.go.kr/BriefingSpeeches/Speeches/1157,2026-09-22,NA,ARCHIVE_CRAWL_PAGINATED,"Moon's final March First (independence movement) address, delivered at the opening of the National Memorial of the Korean Provisional Government -- a different commemorative genre than the Liberation Day (Aug 15) addresses already in this corpus, though covering similar ground. Directly names 'the history of the once unfortunate past' and states 'Japan must squarely face history and be humble before it.' Discovered via ?page=N pagination on webarchives.pa.go.kr's 19th-administration (Moon-era) listing, which -- unlike the 20th/Yoon-era listing -- supports genuine further pagination (see phase2_plan.md).",HIGH,c326cd46-ffd3-5afd-b93f-d8f50ea0cf61,1
